iteration,regr.mse,model,rank_tuning,tuning_mse
1,967.792267180161,xgb,1,1051.51700320984
2,1311.51389040426,xgb,1,1051.51700320984
3,1047.47136857501,xgb,1,1051.51700320984
4,929.661277129516,xgb,1,1051.51700320984
5,890.719617514056,xgb,1,1051.51700320984
6,1141.27338295269,xgb,1,1051.51700320984
7,968.815037334193,xgb,1,1051.51700320984
8,965.705148041365,xgb,1,1051.51700320984
9,1043.49536815898,xgb,1,1051.51700320984
10,1029.20821542798,xgb,1,1051.51700320984
11,1159.48478469725,xgb,1,1051.51700320984
12,1104.62518468885,xgb,1,1051.51700320984
13,948.321395541627,xgb,1,1051.51700320984
14,1113.91067583163,xgb,1,1051.51700320984
15,820.358378336554,xgb,1,1051.51700320984
16,1069.48663667532,xgb,1,1051.51700320984
17,1123.30917152809,xgb,1,1051.51700320984
18,907.136991664975,xgb,1,1051.51700320984
19,1079.75519802837,xgb,1,1051.51700320984
20,1011.3329834952,xgb,1,1051.51700320984
21,985.913014416766,xgb,1,1051.51700320984
22,917.468163582728,xgb,1,1051.51700320984
23,1120.77814338381,xgb,1,1051.51700320984
24,957.307388382865,xgb,1,1051.51700320984
25,1202.78140473684,xgb,1,1051.51700320984
26,1066.18406859277,xgb,1,1051.51700320984
27,1093.64337893984,xgb,1,1051.51700320984
28,1093.89123043426,xgb,1,1051.51700320984
29,952.902516034203,xgb,1,1051.51700320984
30,990.653453514923,xgb,1,1051.51700320984
31,958.509754756978,xgb,1,1051.51700320984
32,1069.06858721634,xgb,1,1051.51700320984
33,1045.08539378898,xgb,1,1051.51700320984
34,1018.72984497171,xgb,1,1051.51700320984
35,1096.7471457165,xgb,1,1051.51700320984
36,1094.62822405097,xgb,1,1051.51700320984
37,929.077802472594,xgb,1,1051.51700320984
38,1076.16305303407,xgb,1,1051.51700320984
39,1135.74431944739,xgb,1,1051.51700320984
40,868.700222709225,xgb,1,1051.51700320984
41,1094.47123661043,xgb,1,1051.51700320984
42,945.04961401326,xgb,1,1051.51700320984
43,1049.49425832532,xgb,1,1051.51700320984
44,1147.83873697785,xgb,1,1051.51700320984
45,929.05836968834,xgb,1,1051.51700320984
46,1204.73051664463,xgb,1,1051.51700320984
47,997.404781553251,xgb,1,1051.51700320984
48,993.02590978522,xgb,1,1051.51700320984
49,937.28389093559,xgb,1,1051.51700320984
50,979.409685207083,xgb,1,1051.51700320984
1,967.286889372821,xgb,2,1053.1641689383
2,1306.74862922864,xgb,2,1053.1641689383
3,1061.72416500151,xgb,2,1053.1641689383
4,926.184533118871,xgb,2,1053.1641689383
5,897.134429899985,xgb,2,1053.1641689383
6,1142.21303472082,xgb,2,1053.1641689383
7,973.363614771088,xgb,2,1053.1641689383
8,983.816340973303,xgb,2,1053.1641689383
9,1044.01041968307,xgb,2,1053.1641689383
10,1034.64840439984,xgb,2,1053.1641689383
11,1157.41624257042,xgb,2,1053.1641689383
12,1106.67431902811,xgb,2,1053.1641689383
13,962.074260727783,xgb,2,1053.1641689383
14,1123.07059038806,xgb,2,1053.1641689383
15,832.261577896334,xgb,2,1053.1641689383
16,1069.93853588102,xgb,2,1053.1641689383
17,1111.52555294112,xgb,2,1053.1641689383
18,905.975403335378,xgb,2,1053.1641689383
19,1059.65184387447,xgb,2,1053.1641689383
20,1007.85599072681,xgb,2,1053.1641689383
21,993.918056041814,xgb,2,1053.1641689383
22,915.577705059455,xgb,2,1053.1641689383
23,1138.19053751462,xgb,2,1053.1641689383
24,957.819096055001,xgb,2,1053.1641689383
25,1206.8476742854,xgb,2,1053.1641689383
26,1067.88894490983,xgb,2,1053.1641689383
27,1091.19076479239,xgb,2,1053.1641689383
28,1087.76769239403,xgb,2,1053.1641689383
29,956.528609829961,xgb,2,1053.1641689383
30,1001.25950031589,xgb,2,1053.1641689383
31,958.644724072078,xgb,2,1053.1641689383
32,1062.97946090131,xgb,2,1053.1641689383
33,1045.91184780202,xgb,2,1053.1641689383
34,1019.38454936528,xgb,2,1053.1641689383
35,1087.32435065885,xgb,2,1053.1641689383
36,1092.04500368903,xgb,2,1053.1641689383
37,926.001484339576,xgb,2,1053.1641689383
38,1082.65944072418,xgb,2,1053.1641689383
39,1137.71165589243,xgb,2,1053.1641689383
40,870.326530125829,xgb,2,1053.1641689383
41,1085.39783474761,xgb,2,1053.1641689383
42,948.214647141878,xgb,2,1053.1641689383
43,1034.44991274496,xgb,2,1053.1641689383
44,1138.12404206522,xgb,2,1053.1641689383
45,918.338265520193,xgb,2,1053.1641689383
46,1212.96774205804,xgb,2,1053.1641689383
47,991.033517785692,xgb,2,1053.1641689383
48,988.560446904829,xgb,2,1053.1641689383
49,940.194694751517,xgb,2,1053.1641689383
50,978.285223774633,xgb,2,1053.1641689383
1,972.484692492331,xgb,3,1053.68306841063
2,1305.94845689586,xgb,3,1053.68306841063
3,1053.34916309611,xgb,3,1053.68306841063
4,927.512054992919,xgb,3,1053.68306841063
5,891.664961096025,xgb,3,1053.68306841063
6,1128.83379181985,xgb,3,1053.68306841063
7,975.950983650623,xgb,3,1053.68306841063
8,971.743453447249,xgb,3,1053.68306841063
9,1035.35918301467,xgb,3,1053.68306841063
10,1026.30080160384,xgb,3,1053.68306841063
11,1159.53981493993,xgb,3,1053.68306841063
12,1096.48588482934,xgb,3,1053.68306841063
13,951.519450534874,xgb,3,1053.68306841063
14,1119.50137713364,xgb,3,1053.68306841063
15,817.895990020996,xgb,3,1053.68306841063
16,1072.36202374927,xgb,3,1053.68306841063
17,1107.48120825597,xgb,3,1053.68306841063
18,908.773440379895,xgb,3,1053.68306841063
19,1069.0713825004,xgb,3,1053.68306841063
20,1004.79052215442,xgb,3,1053.68306841063
21,988.687989513063,xgb,3,1053.68306841063
22,920.346322817022,xgb,3,1053.68306841063
23,1124.63268331746,xgb,3,1053.68306841063
24,956.885654144993,xgb,3,1053.68306841063
25,1200.78250568905,xgb,3,1053.68306841063
26,1066.43140819692,xgb,3,1053.68306841063
27,1101.01021145718,xgb,3,1053.68306841063
28,1088.4244356057,xgb,3,1053.68306841063
29,958.407883060177,xgb,3,1053.68306841063
30,987.317905381893,xgb,3,1053.68306841063
31,952.992516088234,xgb,3,1053.68306841063
32,1064.09386202899,xgb,3,1053.68306841063
33,1040.47294508777,xgb,3,1053.68306841063
34,1017.35823276978,xgb,3,1053.68306841063
35,1080.90907957947,xgb,3,1053.68306841063
36,1094.04903798128,xgb,3,1053.68306841063
37,925.572026550215,xgb,3,1053.68306841063
38,1079.12866595707,xgb,3,1053.68306841063
39,1120.67354964667,xgb,3,1053.68306841063
40,863.289255974329,xgb,3,1053.68306841063
41,1095.92178919349,xgb,3,1053.68306841063
42,957.415669526362,xgb,3,1053.68306841063
43,1037.16844615342,xgb,3,1053.68306841063
44,1146.31949217088,xgb,3,1053.68306841063
45,923.129642088444,xgb,3,1053.68306841063
46,1205.3754429399,xgb,3,1053.68306841063
47,989.936755775343,xgb,3,1053.68306841063
48,995.256453707092,xgb,3,1053.68306841063
49,932.299027002018,xgb,3,1053.68306841063
50,976.192247509072,xgb,3,1053.68306841063
1,973.365241373886,xgb,4,1054.34787173361
2,1295.68580527804,xgb,4,1054.34787173361
3,1046.11051032134,xgb,4,1054.34787173361
4,925.919310179385,xgb,4,1054.34787173361
5,900.706341681586,xgb,4,1054.34787173361
6,1123.66012734071,xgb,4,1054.34787173361
7,969.376480475056,xgb,4,1054.34787173361
8,974.603909511395,xgb,4,1054.34787173361
9,1044.44565673174,xgb,4,1054.34787173361
10,1039.03261833483,xgb,4,1054.34787173361
11,1158.00702705839,xgb,4,1054.34787173361
12,1117.79214640233,xgb,4,1054.34787173361
13,960.990081613978,xgb,4,1054.34787173361
14,1117.08066314128,xgb,4,1054.34787173361
15,819.481869913966,xgb,4,1054.34787173361
16,1060.00717280099,xgb,4,1054.34787173361
17,1107.20827259818,xgb,4,1054.34787173361
18,908.719694936767,xgb,4,1054.34787173361
19,1067.3432340063,xgb,4,1054.34787173361
20,996.935731824445,xgb,4,1054.34787173361
21,983.098194314268,xgb,4,1054.34787173361
22,916.438076457097,xgb,4,1054.34787173361
23,1132.12454313137,xgb,4,1054.34787173361
24,968.163080079201,xgb,4,1054.34787173361
25,1203.42422391964,xgb,4,1054.34787173361
26,1060.71756099133,xgb,4,1054.34787173361
27,1102.3621397679,xgb,4,1054.34787173361
28,1073.66017783524,xgb,4,1054.34787173361
29,951.463599578363,xgb,4,1054.34787173361
30,986.345190831578,xgb,4,1054.34787173361
31,958.335534597415,xgb,4,1054.34787173361
32,1067.51170359827,xgb,4,1054.34787173361
33,1035.14735440693,xgb,4,1054.34787173361
34,1012.87204660168,xgb,4,1054.34787173361
35,1078.88685523772,xgb,4,1054.34787173361
36,1089.75241550068,xgb,4,1054.34787173361
37,923.472966940126,xgb,4,1054.34787173361
38,1076.49004463454,xgb,4,1054.34787173361
39,1128.72027648887,xgb,4,1054.34787173361
40,866.389397029871,xgb,4,1054.34787173361
41,1095.9910057219,xgb,4,1054.34787173361
42,948.066047575769,xgb,4,1054.34787173361
43,1045.01395152972,xgb,4,1054.34787173361
44,1141.10907296702,xgb,4,1054.34787173361
45,934.567725606535,xgb,4,1054.34787173361
46,1205.18942761487,xgb,4,1054.34787173361
47,991.946055809388,xgb,4,1054.34787173361
48,991.421480733295,xgb,4,1054.34787173361
49,928.218826203147,xgb,4,1054.34787173361
50,969.250471268134,xgb,4,1054.34787173361
1,966.211786671899,xgb,5,1054.40442641144
2,1311.78033415085,xgb,5,1054.40442641144
3,1052.83948313219,xgb,5,1054.40442641144
4,918.687279061705,xgb,5,1054.40442641144
5,900.875253471166,xgb,5,1054.40442641144
6,1147.53743130725,xgb,5,1054.40442641144
7,973.922245724576,xgb,5,1054.40442641144
8,986.115246138097,xgb,5,1054.40442641144
9,1048.59103831149,xgb,5,1054.40442641144
10,1030.67746736503,xgb,5,1054.40442641144
11,1158.12735608163,xgb,5,1054.40442641144
12,1105.71665795693,xgb,5,1054.40442641144
13,955.391378025244,xgb,5,1054.40442641144
14,1109.17814469818,xgb,5,1054.40442641144
15,819.677423133475,xgb,5,1054.40442641144
16,1073.16502552009,xgb,5,1054.40442641144
17,1117.05067517149,xgb,5,1054.40442641144
18,913.611288273839,xgb,5,1054.40442641144
19,1059.44824916849,xgb,5,1054.40442641144
20,1005.34931739751,xgb,5,1054.40442641144
21,999.728107229828,xgb,5,1054.40442641144
22,915.480954881535,xgb,5,1054.40442641144
23,1124.46545200873,xgb,5,1054.40442641144
24,964.500404443707,xgb,5,1054.40442641144
25,1205.07992695462,xgb,5,1054.40442641144
26,1056.12970706568,xgb,5,1054.40442641144
27,1105.89296991398,xgb,5,1054.40442641144
28,1083.75817536521,xgb,5,1054.40442641144
29,956.69264836542,xgb,5,1054.40442641144
30,995.298438664312,xgb,5,1054.40442641144
31,960.642158478359,xgb,5,1054.40442641144
32,1069.12493698766,xgb,5,1054.40442641144
33,1051.25831415492,xgb,5,1054.40442641144
34,1007.42212832499,xgb,5,1054.40442641144
35,1074.76385266682,xgb,5,1054.40442641144
36,1088.07126311667,xgb,5,1054.40442641144
37,928.177897130313,xgb,5,1054.40442641144
38,1085.14360507481,xgb,5,1054.40442641144
39,1132.69243692662,xgb,5,1054.40442641144
40,865.485243316835,xgb,5,1054.40442641144
41,1090.09426111933,xgb,5,1054.40442641144
42,959.257332645696,xgb,5,1054.40442641144
43,1047.59524392026,xgb,5,1054.40442641144
44,1148.43825405468,xgb,5,1054.40442641144
45,919.553662905515,xgb,5,1054.40442641144
46,1211.0007054058,xgb,5,1054.40442641144
47,995.532561034113,xgb,5,1054.40442641144
48,990.451041936008,xgb,5,1054.40442641144
49,936.872999086785,xgb,5,1054.40442641144
50,968.939566734297,xgb,5,1054.40442641144
1,978.415060788196,xgb,6,1054.49657917616
2,1308.68313838859,xgb,6,1054.49657917616
3,1047.76688140095,xgb,6,1054.49657917616
4,918.505843565867,xgb,6,1054.49657917616
5,900.380883317548,xgb,6,1054.49657917616
6,1151.26391626741,xgb,6,1054.49657917616
7,976.278866115726,xgb,6,1054.49657917616
8,984.409752257453,xgb,6,1054.49657917616
9,1037.58344211701,xgb,6,1054.49657917616
10,1037.89216329001,xgb,6,1054.49657917616
11,1168.37595361475,xgb,6,1054.49657917616
12,1114.59183754501,xgb,6,1054.49657917616
13,957.573771867819,xgb,6,1054.49657917616
14,1121.66251090787,xgb,6,1054.49657917616
15,822.096663014578,xgb,6,1054.49657917616
16,1068.3369767884,xgb,6,1054.49657917616
17,1116.33766999754,xgb,6,1054.49657917616
18,914.099123462726,xgb,6,1054.49657917616
19,1058.76930605249,xgb,6,1054.49657917616
20,1000.17851932294,xgb,6,1054.49657917616
21,999.309201368667,xgb,6,1054.49657917616
22,920.988983072803,xgb,6,1054.49657917616
23,1123.89115036467,xgb,6,1054.49657917616
24,955.19559505497,xgb,6,1054.49657917616
25,1216.39198105243,xgb,6,1054.49657917616
26,1072.23156684978,xgb,6,1054.49657917616
27,1098.97253673056,xgb,6,1054.49657917616
28,1092.15889967096,xgb,6,1054.49657917616
29,953.958522368881,xgb,6,1054.49657917616
30,996.983205842251,xgb,6,1054.49657917616
31,958.21133791776,xgb,6,1054.49657917616
32,1070.58775434079,xgb,6,1054.49657917616
33,1044.9434933719,xgb,6,1054.49657917616
34,1015.86015415402,xgb,6,1054.49657917616
35,1088.39973798942,xgb,6,1054.49657917616
36,1089.32009371653,xgb,6,1054.49657917616
37,933.845190550038,xgb,6,1054.49657917616
38,1073.20054125478,xgb,6,1054.49657917616
39,1126.12372245847,xgb,6,1054.49657917616
40,867.027728930012,xgb,6,1054.49657917616
41,1085.96823710929,xgb,6,1054.49657917616
42,954.855565990916,xgb,6,1054.49657917616
43,1037.09790205274,xgb,6,1054.49657917616
44,1150.48937400645,xgb,6,1054.49657917616
45,922.340749881204,xgb,6,1054.49657917616
46,1200.5616434287,xgb,6,1054.49657917616
47,995.598533464121,xgb,6,1054.49657917616
48,986.774141749608,xgb,6,1054.49657917616
49,932.403365029717,xgb,6,1054.49657917616
50,982.316120255634,xgb,6,1054.49657917616
1,969.410156350533,xgb,7,1054.57311600937
2,1311.55375405446,xgb,7,1054.57311600937
3,1048.36739958523,xgb,7,1054.57311600937
4,923.265787773602,xgb,7,1054.57311600937
5,890.768170716599,xgb,7,1054.57311600937
6,1152.99242882396,xgb,7,1054.57311600937
7,968.257959846109,xgb,7,1054.57311600937
8,962.427432166217,xgb,7,1054.57311600937
9,1050.23484777717,xgb,7,1054.57311600937
10,1026.1538165237,xgb,7,1054.57311600937
11,1143.54437971178,xgb,7,1054.57311600937
12,1116.41093689444,xgb,7,1054.57311600937
13,953.309709583123,xgb,7,1054.57311600937
14,1126.15012199308,xgb,7,1054.57311600937
15,829.374005921137,xgb,7,1054.57311600937
16,1069.35865926429,xgb,7,1054.57311600937
17,1117.03758012808,xgb,7,1054.57311600937
18,899.285770029921,xgb,7,1054.57311600937
19,1056.02820552,xgb,7,1054.57311600937
20,1015.96282092216,xgb,7,1054.57311600937
21,981.834661338661,xgb,7,1054.57311600937
22,922.887591403893,xgb,7,1054.57311600937
23,1121.54547865866,xgb,7,1054.57311600937
24,961.184164203623,xgb,7,1054.57311600937
25,1204.98386977348,xgb,7,1054.57311600937
26,1063.56376369232,xgb,7,1054.57311600937
27,1095.82257074572,xgb,7,1054.57311600937
28,1093.17724315012,xgb,7,1054.57311600937
29,968.604545913218,xgb,7,1054.57311600937
30,999.569565519266,xgb,7,1054.57311600937
31,958.742994625521,xgb,7,1054.57311600937
32,1066.62212883941,xgb,7,1054.57311600937
33,1035.86206274229,xgb,7,1054.57311600937
34,1002.39933065505,xgb,7,1054.57311600937
35,1087.03321111396,xgb,7,1054.57311600937
36,1103.69734397044,xgb,7,1054.57311600937
37,917.858309778838,xgb,7,1054.57311600937
38,1075.06427267344,xgb,7,1054.57311600937
39,1125.50778321766,xgb,7,1054.57311600937
40,854.954664845005,xgb,7,1054.57311600937
41,1096.44724417196,xgb,7,1054.57311600937
42,947.27608938081,xgb,7,1054.57311600937
43,1053.3385656128,xgb,7,1054.57311600937
44,1149.48307523004,xgb,7,1054.57311600937
45,922.58637739763,xgb,7,1054.57311600937
46,1192.48052001163,xgb,7,1054.57311600937
47,985.304045709233,xgb,7,1054.57311600937
48,999.41452846219,xgb,7,1054.57311600937
49,948.246267050962,xgb,7,1054.57311600937
50,980.044583494313,xgb,7,1054.57311600937
1,967.464619161542,xgb,8,1054.59338096857
2,1302.93004318788,xgb,8,1054.59338096857
3,1059.05279971786,xgb,8,1054.59338096857
4,924.27300862776,xgb,8,1054.59338096857
5,893.971449147643,xgb,8,1054.59338096857
6,1154.0669681912,xgb,8,1054.59338096857
7,963.886578780098,xgb,8,1054.59338096857
8,966.547445761377,xgb,8,1054.59338096857
9,1039.96500059661,xgb,8,1054.59338096857
10,1031.41516928064,xgb,8,1054.59338096857
11,1163.86650404179,xgb,8,1054.59338096857
12,1110.48918168488,xgb,8,1054.59338096857
13,965.664346383447,xgb,8,1054.59338096857
14,1108.42525937171,xgb,8,1054.59338096857
15,823.326018036887,xgb,8,1054.59338096857
16,1065.85957075085,xgb,8,1054.59338096857
17,1113.56001533256,xgb,8,1054.59338096857
18,906.263921781412,xgb,8,1054.59338096857
19,1058.33022707554,xgb,8,1054.59338096857
20,1016.58907746161,xgb,8,1054.59338096857
21,994.688261495598,xgb,8,1054.59338096857
22,912.948669057612,xgb,8,1054.59338096857
23,1124.67092491987,xgb,8,1054.59338096857
24,962.16222545379,xgb,8,1054.59338096857
25,1188.24195933885,xgb,8,1054.59338096857
26,1057.32572001362,xgb,8,1054.59338096857
27,1115.1297553263,xgb,8,1054.59338096857
28,1078.70341708858,xgb,8,1054.59338096857
29,962.604964974076,xgb,8,1054.59338096857
30,993.322579806638,xgb,8,1054.59338096857
31,966.866484392665,xgb,8,1054.59338096857
32,1062.93124778334,xgb,8,1054.59338096857
33,1026.74744045471,xgb,8,1054.59338096857
34,1007.09771147762,xgb,8,1054.59338096857
35,1065.2830496513,xgb,8,1054.59338096857
36,1097.56808840466,xgb,8,1054.59338096857
37,923.679653235813,xgb,8,1054.59338096857
38,1067.38783919139,xgb,8,1054.59338096857
39,1133.60818567048,xgb,8,1054.59338096857
40,865.838089235866,xgb,8,1054.59338096857
41,1089.47083737271,xgb,8,1054.59338096857
42,949.571981665261,xgb,8,1054.59338096857
43,1036.9986171774,xgb,8,1054.59338096857
44,1146.80854907497,xgb,8,1054.59338096857
45,916.305073068335,xgb,8,1054.59338096857
46,1205.17852040111,xgb,8,1054.59338096857
47,980.99107636466,xgb,8,1054.59338096857
48,992.412828019648,xgb,8,1054.59338096857
49,936.844628865069,xgb,8,1054.59338096857
50,973.089059939975,xgb,8,1054.59338096857
1,967.84110672555,xgb,9,1054.60600281899
2,1304.08282278386,xgb,9,1054.60600281899
3,1052.93322632037,xgb,9,1054.60600281899
4,925.671664376972,xgb,9,1054.60600281899
5,897.616943459376,xgb,9,1054.60600281899
6,1132.77243156344,xgb,9,1054.60600281899
7,966.28511707682,xgb,9,1054.60600281899
8,971.079525463732,xgb,9,1054.60600281899
9,1036.36116433881,xgb,9,1054.60600281899
10,1021.64672806175,xgb,9,1054.60600281899
11,1159.36145399379,xgb,9,1054.60600281899
12,1111.97045848486,xgb,9,1054.60600281899
13,954.218572714472,xgb,9,1054.60600281899
14,1115.45828406939,xgb,9,1054.60600281899
15,826.885759838501,xgb,9,1054.60600281899
16,1056.97540881573,xgb,9,1054.60600281899
17,1107.89921832946,xgb,9,1054.60600281899
18,916.977296491991,xgb,9,1054.60600281899
19,1069.3176738562,xgb,9,1054.60600281899
20,1003.42700272677,xgb,9,1054.60600281899
21,990.625825493634,xgb,9,1054.60600281899
22,915.257010630803,xgb,9,1054.60600281899
23,1134.99698984491,xgb,9,1054.60600281899
24,964.184118769928,xgb,9,1054.60600281899
25,1204.01792511418,xgb,9,1054.60600281899
26,1070.49533421417,xgb,9,1054.60600281899
27,1107.96278852051,xgb,9,1054.60600281899
28,1085.18917451428,xgb,9,1054.60600281899
29,947.99550397037,xgb,9,1054.60600281899
30,990.382150734584,xgb,9,1054.60600281899
31,955.468031259285,xgb,9,1054.60600281899
32,1071.6326254569,xgb,9,1054.60600281899
33,1044.45794050241,xgb,9,1054.60600281899
34,1012.15265330885,xgb,9,1054.60600281899
35,1085.84587044456,xgb,9,1054.60600281899
36,1090.56259917326,xgb,9,1054.60600281899
37,929.671428164979,xgb,9,1054.60600281899
38,1076.89636214025,xgb,9,1054.60600281899
39,1126.68923755091,xgb,9,1054.60600281899
40,865.694637089443,xgb,9,1054.60600281899
41,1086.74823839736,xgb,9,1054.60600281899
42,940.797005687824,xgb,9,1054.60600281899
43,1045.55448995858,xgb,9,1054.60600281899
44,1150.09846121166,xgb,9,1054.60600281899
45,920.653138984056,xgb,9,1054.60600281899
46,1203.99744534322,xgb,9,1054.60600281899
47,992.638854167962,xgb,9,1054.60600281899
48,995.699400900082,xgb,9,1054.60600281899
49,929.825409429293,xgb,9,1054.60600281899
50,967.587576603137,xgb,9,1054.60600281899
1,971.084656752281,xgb,10,1054.83078107893
2,1319.31460357138,xgb,10,1054.83078107893
3,1048.37848473338,xgb,10,1054.83078107893
4,923.619815988396,xgb,10,1054.83078107893
5,896.404312944481,xgb,10,1054.83078107893
6,1120.72850076237,xgb,10,1054.83078107893
7,973.28655832827,xgb,10,1054.83078107893
8,978.99691136412,xgb,10,1054.83078107893
9,1047.86019509544,xgb,10,1054.83078107893
10,1028.93473147399,xgb,10,1054.83078107893
11,1166.00117999193,xgb,10,1054.83078107893
12,1112.05404496229,xgb,10,1054.83078107893
13,962.710469520464,xgb,10,1054.83078107893
14,1111.41265394931,xgb,10,1054.83078107893
15,814.206670227324,xgb,10,1054.83078107893
16,1073.31912418346,xgb,10,1054.83078107893
17,1108.61765696412,xgb,10,1054.83078107893
18,909.844833717382,xgb,10,1054.83078107893
19,1058.01250333429,xgb,10,1054.83078107893
20,1012.77302728143,xgb,10,1054.83078107893
21,994.239214077224,xgb,10,1054.83078107893
22,919.703201289902,xgb,10,1054.83078107893
23,1131.24915867306,xgb,10,1054.83078107893
24,954.583247418723,xgb,10,1054.83078107893
25,1212.11423797876,xgb,10,1054.83078107893
26,1062.09609074864,xgb,10,1054.83078107893
27,1094.24746140097,xgb,10,1054.83078107893
28,1088.3166205544,xgb,10,1054.83078107893
29,957.180503375891,xgb,10,1054.83078107893
30,996.718512146523,xgb,10,1054.83078107893
31,954.998926074779,xgb,10,1054.83078107893
32,1061.96392523493,xgb,10,1054.83078107893
33,1050.14679412713,xgb,10,1054.83078107893
34,1014.63087927854,xgb,10,1054.83078107893
35,1087.916072245,xgb,10,1054.83078107893
36,1094.67174098923,xgb,10,1054.83078107893
37,919.949073551191,xgb,10,1054.83078107893
38,1086.80425369032,xgb,10,1054.83078107893
39,1141.00170483864,xgb,10,1054.83078107893
40,865.428640578461,xgb,10,1054.83078107893
41,1087.19013305598,xgb,10,1054.83078107893
42,947.375479621589,xgb,10,1054.83078107893
43,1036.30125564929,xgb,10,1054.83078107893
44,1147.0417252833,xgb,10,1054.83078107893
45,921.874057076804,xgb,10,1054.83078107893
46,1199.21107316591,xgb,10,1054.83078107893
47,987.429349644846,xgb,10,1054.83078107893
48,985.045651862681,xgb,10,1054.83078107893
49,940.7231699482,xgb,10,1054.83078107893
50,986.464833865761,xgb,10,1054.83078107893
1,969.117162261718,xgb,11,1055.13758701854
2,1308.67451355506,xgb,11,1055.13758701854
3,1048.49977681956,xgb,11,1055.13758701854
4,926.839858416616,xgb,11,1055.13758701854
5,898.458609634089,xgb,11,1055.13758701854
6,1126.98416633143,xgb,11,1055.13758701854
7,974.616170763022,xgb,11,1055.13758701854
8,973.393194739387,xgb,11,1055.13758701854
9,1041.60903652803,xgb,11,1055.13758701854
10,1038.14333999644,xgb,11,1055.13758701854
11,1161.47009275284,xgb,11,1055.13758701854
12,1106.47786152718,xgb,11,1055.13758701854
13,959.47390496551,xgb,11,1055.13758701854
14,1114.86576545842,xgb,11,1055.13758701854
15,820.167138034964,xgb,11,1055.13758701854
16,1070.30118943983,xgb,11,1055.13758701854
17,1110.17358544207,xgb,11,1055.13758701854
18,904.98991842916,xgb,11,1055.13758701854
19,1067.78135368474,xgb,11,1055.13758701854
20,1006.42385625357,xgb,11,1055.13758701854
21,988.843147424436,xgb,11,1055.13758701854
22,921.308322787734,xgb,11,1055.13758701854
23,1114.31181986485,xgb,11,1055.13758701854
24,958.15236970065,xgb,11,1055.13758701854
25,1197.71718821599,xgb,11,1055.13758701854
26,1062.60642762917,xgb,11,1055.13758701854
27,1098.5951672095,xgb,11,1055.13758701854
28,1090.78656022759,xgb,11,1055.13758701854
29,955.234937864255,xgb,11,1055.13758701854
30,984.687439481252,xgb,11,1055.13758701854
31,943.236531129238,xgb,11,1055.13758701854
32,1068.86560350229,xgb,11,1055.13758701854
33,1046.19607788455,xgb,11,1055.13758701854
34,1011.11177091311,xgb,11,1055.13758701854
35,1086.34215620592,xgb,11,1055.13758701854
36,1095.54441276353,xgb,11,1055.13758701854
37,917.549911880603,xgb,11,1055.13758701854
38,1077.98824379708,xgb,11,1055.13758701854
39,1131.17138656795,xgb,11,1055.13758701854
40,871.043366196482,xgb,11,1055.13758701854
41,1086.15268992548,xgb,11,1055.13758701854
42,953.310730913923,xgb,11,1055.13758701854
43,1037.91796238781,xgb,11,1055.13758701854
44,1144.77371113603,xgb,11,1055.13758701854
45,920.063765851998,xgb,11,1055.13758701854
46,1202.71629742955,xgb,11,1055.13758701854
47,992.046431608681,xgb,11,1055.13758701854
48,990.316116337389,xgb,11,1055.13758701854
49,933.747960237972,xgb,11,1055.13758701854
50,984.857606018496,xgb,11,1055.13758701854
1,973.799970109717,xgb,12,1055.20036573252
2,1323.71401633474,xgb,12,1055.20036573252
3,1052.86182185444,xgb,12,1055.20036573252
4,932.677808090334,xgb,12,1055.20036573252
5,887.945407365872,xgb,12,1055.20036573252
6,1127.89140043752,xgb,12,1055.20036573252
7,972.594828369107,xgb,12,1055.20036573252
8,971.718436111349,xgb,12,1055.20036573252
9,1044.54453776885,xgb,12,1055.20036573252
10,1029.96097264405,xgb,12,1055.20036573252
11,1159.25126397525,xgb,12,1055.20036573252
12,1106.48519487602,xgb,12,1055.20036573252
13,960.889607959064,xgb,12,1055.20036573252
14,1114.40567257073,xgb,12,1055.20036573252
15,816.261679544188,xgb,12,1055.20036573252
16,1068.98418654889,xgb,12,1055.20036573252
17,1113.93556966851,xgb,12,1055.20036573252
18,915.057435611122,xgb,12,1055.20036573252
19,1077.39375255884,xgb,12,1055.20036573252
20,1004.9831124237,xgb,12,1055.20036573252
21,985.795412358539,xgb,12,1055.20036573252
22,914.220233807338,xgb,12,1055.20036573252
23,1124.67705405834,xgb,12,1055.20036573252
24,961.762192046838,xgb,12,1055.20036573252
25,1216.58755530196,xgb,12,1055.20036573252
26,1055.93405425032,xgb,12,1055.20036573252
27,1091.85944896399,xgb,12,1055.20036573252
28,1084.8455352285,xgb,12,1055.20036573252
29,953.878305810681,xgb,12,1055.20036573252
30,1000.03159622591,xgb,12,1055.20036573252
31,956.412430114338,xgb,12,1055.20036573252
32,1054.29044068587,xgb,12,1055.20036573252
33,1047.54879622832,xgb,12,1055.20036573252
34,1013.72910434778,xgb,12,1055.20036573252
35,1079.93053569832,xgb,12,1055.20036573252
36,1091.83863298946,xgb,12,1055.20036573252
37,932.011898253501,xgb,12,1055.20036573252
38,1077.56336616387,xgb,12,1055.20036573252
39,1143.6758131397,xgb,12,1055.20036573252
40,868.113662722537,xgb,12,1055.20036573252
41,1098.19663719539,xgb,12,1055.20036573252
42,954.869512196559,xgb,12,1055.20036573252
43,1033.81115125932,xgb,12,1055.20036573252
44,1139.28979217839,xgb,12,1055.20036573252
45,929.252182083041,xgb,12,1055.20036573252
46,1202.63244692164,xgb,12,1055.20036573252
47,992.970421041079,xgb,12,1055.20036573252
48,993.779510643487,xgb,12,1055.20036573252
49,941.219976894197,xgb,12,1055.20036573252
50,977.475100504123,xgb,12,1055.20036573252
1,978.701119911705,xgb,13,1055.24127957287
2,1300.6655583048,xgb,13,1055.24127957287
3,1048.83092903638,xgb,13,1055.24127957287
4,931.833812096006,xgb,13,1055.24127957287
5,896.490302865348,xgb,13,1055.24127957287
6,1131.55530597683,xgb,13,1055.24127957287
7,976.157007903942,xgb,13,1055.24127957287
8,989.328472430174,xgb,13,1055.24127957287
9,1027.24594860713,xgb,13,1055.24127957287
10,1038.9097046123,xgb,13,1055.24127957287
11,1160.85038096379,xgb,13,1055.24127957287
12,1104.25432172562,xgb,13,1055.24127957287
13,960.100806288639,xgb,13,1055.24127957287
14,1129.2648630986,xgb,13,1055.24127957287
15,823.61024602775,xgb,13,1055.24127957287
16,1072.16143135793,xgb,13,1055.24127957287
17,1110.83572644568,xgb,13,1055.24127957287
18,907.672857140619,xgb,13,1055.24127957287
19,1063.43061990146,xgb,13,1055.24127957287
20,987.847793206763,xgb,13,1055.24127957287
21,991.847083605123,xgb,13,1055.24127957287
22,914.902394493497,xgb,13,1055.24127957287
23,1124.49428408203,xgb,13,1055.24127957287
24,964.269274672782,xgb,13,1055.24127957287
25,1202.09462270562,xgb,13,1055.24127957287
26,1056.77692454953,xgb,13,1055.24127957287
27,1098.40099611284,xgb,13,1055.24127957287
28,1095.66826174736,xgb,13,1055.24127957287
29,952.296930271584,xgb,13,1055.24127957287
30,994.671641941899,xgb,13,1055.24127957287
31,952.980690889024,xgb,13,1055.24127957287
32,1068.9516002393,xgb,13,1055.24127957287
33,1042.97412904016,xgb,13,1055.24127957287
34,1020.11886745694,xgb,13,1055.24127957287
35,1078.95815653245,xgb,13,1055.24127957287
36,1087.35657664112,xgb,13,1055.24127957287
37,930.693160639811,xgb,13,1055.24127957287
38,1080.26964632635,xgb,13,1055.24127957287
39,1133.57106932341,xgb,13,1055.24127957287
40,865.555930041713,xgb,13,1055.24127957287
41,1093.56349402724,xgb,13,1055.24127957287
42,946.777899154728,xgb,13,1055.24127957287
43,1038.97289002332,xgb,13,1055.24127957287
44,1143.43490232253,xgb,13,1055.24127957287
45,923.539395200953,xgb,13,1055.24127957287
46,1202.98770896261,xgb,13,1055.24127957287
47,988.81591304494,xgb,13,1055.24127957287
48,987.886073801111,xgb,13,1055.24127957287
49,940.70698059502,xgb,13,1055.24127957287
50,996.023155767917,xgb,13,1055.24127957287
1,974.053389820537,xgb,14,1055.27846659429
2,1306.55154565401,xgb,14,1055.27846659429
3,1050.3537789874,xgb,14,1055.27846659429
4,920.329710794803,xgb,14,1055.27846659429
5,893.409210488854,xgb,14,1055.27846659429
6,1133.80426134447,xgb,14,1055.27846659429
7,972.211676391237,xgb,14,1055.27846659429
8,975.791190304055,xgb,14,1055.27846659429
9,1040.95012931911,xgb,14,1055.27846659429
10,1033.01413077161,xgb,14,1055.27846659429
11,1159.73163006186,xgb,14,1055.27846659429
12,1121.03453429512,xgb,14,1055.27846659429
13,952.732107103769,xgb,14,1055.27846659429
14,1116.79320511053,xgb,14,1055.27846659429
15,823.713546195015,xgb,14,1055.27846659429
16,1074.13631379721,xgb,14,1055.27846659429
17,1112.5548979871,xgb,14,1055.27846659429
18,901.228923055279,xgb,14,1055.27846659429
19,1062.27419261627,xgb,14,1055.27846659429
20,1007.43983781835,xgb,14,1055.27846659429
21,995.016547982624,xgb,14,1055.27846659429
22,915.04043634896,xgb,14,1055.27846659429
23,1126.32793238172,xgb,14,1055.27846659429
24,960.413624373395,xgb,14,1055.27846659429
25,1202.35902842077,xgb,14,1055.27846659429
26,1066.04050567507,xgb,14,1055.27846659429
27,1095.91363029613,xgb,14,1055.27846659429
28,1087.25844892214,xgb,14,1055.27846659429
29,957.895944037406,xgb,14,1055.27846659429
30,992.185158542711,xgb,14,1055.27846659429
31,955.319515652641,xgb,14,1055.27846659429
32,1075.92182822126,xgb,14,1055.27846659429
33,1046.17461729835,xgb,14,1055.27846659429
34,1021.22208911161,xgb,14,1055.27846659429
35,1080.30673279482,xgb,14,1055.27846659429
36,1092.28894977745,xgb,14,1055.27846659429
37,926.057323316585,xgb,14,1055.27846659429
38,1078.32920978548,xgb,14,1055.27846659429
39,1137.48872427601,xgb,14,1055.27846659429
40,866.530939385531,xgb,14,1055.27846659429
41,1087.14317574577,xgb,14,1055.27846659429
42,962.476972375503,xgb,14,1055.27846659429
43,1039.96122139911,xgb,14,1055.27846659429
44,1152.09582229093,xgb,14,1055.27846659429
45,926.278147857887,xgb,14,1055.27846659429
46,1203.05274594468,xgb,14,1055.27846659429
47,996.688320608306,xgb,14,1055.27846659429
48,990.979065939041,xgb,14,1055.27846659429
49,932.833425692997,xgb,14,1055.27846659429
50,984.547468149892,xgb,14,1055.27846659429
1,967.394809167763,xgb,15,1055.29030099289
2,1303.58971013272,xgb,15,1055.29030099289
3,1057.8763349584,xgb,15,1055.29030099289
4,921.607999832447,xgb,15,1055.29030099289
5,893.000114879049,xgb,15,1055.29030099289
6,1147.20756875508,xgb,15,1055.29030099289
7,973.133026828256,xgb,15,1055.29030099289
8,990.170746083024,xgb,15,1055.29030099289
9,1038.81485969621,xgb,15,1055.29030099289
10,1030.84561371383,xgb,15,1055.29030099289
11,1165.0682479104,xgb,15,1055.29030099289
12,1105.55925367255,xgb,15,1055.29030099289
13,956.544335319885,xgb,15,1055.29030099289
14,1116.31806342801,xgb,15,1055.29030099289
15,830.219727217056,xgb,15,1055.29030099289
16,1064.02124912074,xgb,15,1055.29030099289
17,1114.75650296018,xgb,15,1055.29030099289
18,909.526233420207,xgb,15,1055.29030099289
19,1060.59701907426,xgb,15,1055.29030099289
20,1003.55667200127,xgb,15,1055.29030099289
21,989.109569336776,xgb,15,1055.29030099289
22,918.343795243183,xgb,15,1055.29030099289
23,1117.75051297387,xgb,15,1055.29030099289
24,957.316013578101,xgb,15,1055.29030099289
25,1195.86535221626,xgb,15,1055.29030099289
26,1055.64592995637,xgb,15,1055.29030099289
27,1096.27710146185,xgb,15,1055.29030099289
28,1086.15001779815,xgb,15,1055.29030099289
29,964.751295020728,xgb,15,1055.29030099289
30,992.127267319142,xgb,15,1055.29030099289
31,962.191627320369,xgb,15,1055.29030099289
32,1066.55809796467,xgb,15,1055.29030099289
33,1041.8958154503,xgb,15,1055.29030099289
34,1023.64951553367,xgb,15,1055.29030099289
35,1080.78625210718,xgb,15,1055.29030099289
36,1084.97581062019,xgb,15,1055.29030099289
37,931.266948160665,xgb,15,1055.29030099289
38,1077.6084327841,xgb,15,1055.29030099289
39,1121.9205927849,xgb,15,1055.29030099289
40,860.327404110922,xgb,15,1055.29030099289
41,1089.10449325956,xgb,15,1055.29030099289
42,949.011892568933,xgb,15,1055.29030099289
43,1047.81111772647,xgb,15,1055.29030099289
44,1144.19532976109,xgb,15,1055.29030099289
45,912.393250087014,xgb,15,1055.29030099289
46,1194.98009499583,xgb,15,1055.29030099289
47,992.158416447537,xgb,15,1055.29030099289
48,984.017719489017,xgb,15,1055.29030099289
49,928.494244197412,xgb,15,1055.29030099289
50,983.283293356932,xgb,15,1055.29030099289
1,976.593125425001,xgb,16,1055.30494840199
2,1308.70966616929,xgb,16,1055.30494840199
3,1053.99008590054,xgb,16,1055.30494840199
4,923.661347627715,xgb,16,1055.30494840199
5,882.342588155964,xgb,16,1055.30494840199
6,1143.68938961077,xgb,16,1055.30494840199
7,975.515872614659,xgb,16,1055.30494840199
8,987.952512357661,xgb,16,1055.30494840199
9,1047.94593476549,xgb,16,1055.30494840199
10,1033.53199186824,xgb,16,1055.30494840199
11,1158.29958276031,xgb,16,1055.30494840199
12,1113.38707191683,xgb,16,1055.30494840199
13,962.039331967835,xgb,16,1055.30494840199
14,1119.53009213139,xgb,16,1055.30494840199
15,823.770032040456,xgb,16,1055.30494840199
16,1081.74644614438,xgb,16,1055.30494840199
17,1115.24461590933,xgb,16,1055.30494840199
18,916.26960210006,xgb,16,1055.30494840199
19,1066.90008020524,xgb,16,1055.30494840199
20,1002.84472547221,xgb,16,1055.30494840199
21,993.715059186401,xgb,16,1055.30494840199
22,926.734636514394,xgb,16,1055.30494840199
23,1136.81960304945,xgb,16,1055.30494840199
24,955.86144479508,xgb,16,1055.30494840199
25,1196.71799201475,xgb,16,1055.30494840199
26,1064.19298402596,xgb,16,1055.30494840199
27,1098.45505162138,xgb,16,1055.30494840199
28,1083.591841942,xgb,16,1055.30494840199
29,953.594870751219,xgb,16,1055.30494840199
30,995.669670515385,xgb,16,1055.30494840199
31,959.957084751776,xgb,16,1055.30494840199
32,1067.95023142909,xgb,16,1055.30494840199
33,1053.19061686582,xgb,16,1055.30494840199
34,1020.67621252042,xgb,16,1055.30494840199
35,1077.28740745262,xgb,16,1055.30494840199
36,1095.68406199447,xgb,16,1055.30494840199
37,931.298065198999,xgb,16,1055.30494840199
38,1069.4534865274,xgb,16,1055.30494840199
39,1146.12708065811,xgb,16,1055.30494840199
40,858.621528365365,xgb,16,1055.30494840199
41,1088.09474121942,xgb,16,1055.30494840199
42,951.137808666148,xgb,16,1055.30494840199
43,1032.52560331293,xgb,16,1055.30494840199
44,1146.13393333691,xgb,16,1055.30494840199
45,923.652766205943,xgb,16,1055.30494840199
46,1205.66754782161,xgb,16,1055.30494840199
47,985.203648339543,xgb,16,1055.30494840199
48,973.085684137362,xgb,16,1055.30494840199
49,937.856970530025,xgb,16,1055.30494840199
50,966.948602648647,xgb,16,1055.30494840199
1,972.088787287191,xgb,17,1055.38018238786
2,1308.82058341803,xgb,17,1055.38018238786
3,1059.7277664186,xgb,17,1055.38018238786
4,927.460569967734,xgb,17,1055.38018238786
5,894.139047255107,xgb,17,1055.38018238786
6,1132.81226956164,xgb,17,1055.38018238786
7,970.072404136327,xgb,17,1055.38018238786
8,974.493371179326,xgb,17,1055.38018238786
9,1042.42095077688,xgb,17,1055.38018238786
10,1032.88623658995,xgb,17,1055.38018238786
11,1166.67909935679,xgb,17,1055.38018238786
12,1111.34993027863,xgb,17,1055.38018238786
13,953.030718644352,xgb,17,1055.38018238786
14,1108.75392533257,xgb,17,1055.38018238786
15,811.023666106197,xgb,17,1055.38018238786
16,1075.38657804501,xgb,17,1055.38018238786
17,1111.86372145619,xgb,17,1055.38018238786
18,900.524029829874,xgb,17,1055.38018238786
19,1056.92590122986,xgb,17,1055.38018238786
20,1010.78531894631,xgb,17,1055.38018238786
21,988.987174271066,xgb,17,1055.38018238786
22,921.255145427527,xgb,17,1055.38018238786
23,1131.73906704704,xgb,17,1055.38018238786
24,964.29802947895,xgb,17,1055.38018238786
25,1218.91846760195,xgb,17,1055.38018238786
26,1060.01468649202,xgb,17,1055.38018238786
27,1100.10475260243,xgb,17,1055.38018238786
28,1085.00865197169,xgb,17,1055.38018238786
29,955.057199646916,xgb,17,1055.38018238786
30,985.423284295075,xgb,17,1055.38018238786
31,957.053614709569,xgb,17,1055.38018238786
32,1074.17367740586,xgb,17,1055.38018238786
33,1053.58709919822,xgb,17,1055.38018238786
34,1013.03288039761,xgb,17,1055.38018238786
35,1079.22915028694,xgb,17,1055.38018238786
36,1088.86846166676,xgb,17,1055.38018238786
37,916.442491113988,xgb,17,1055.38018238786
38,1093.70556414947,xgb,17,1055.38018238786
39,1135.15931725172,xgb,17,1055.38018238786
40,862.205415169767,xgb,17,1055.38018238786
41,1091.24008556097,xgb,17,1055.38018238786
42,957.756103009553,xgb,17,1055.38018238786
43,1039.24349361184,xgb,17,1055.38018238786
44,1142.2468824809,xgb,17,1055.38018238786
45,922.718143131542,xgb,17,1055.38018238786
46,1196.27569081599,xgb,17,1055.38018238786
47,984.729803868922,xgb,17,1055.38018238786
48,992.404286043148,xgb,17,1055.38018238786
49,940.317877839775,xgb,17,1055.38018238786
50,981.52243070232,xgb,17,1055.38018238786
1,969.713630179966,xgb,18,1055.47959369638
2,1305.3729980506,xgb,18,1055.47959369638
3,1053.38175488902,xgb,18,1055.47959369638
4,921.87171380599,xgb,18,1055.47959369638
5,897.555099403589,xgb,18,1055.47959369638
6,1155.6229309883,xgb,18,1055.47959369638
7,969.630375689957,xgb,18,1055.47959369638
8,968.030539445457,xgb,18,1055.47959369638
9,1032.75091850053,xgb,18,1055.47959369638
10,1024.91337061177,xgb,18,1055.47959369638
11,1154.95157753023,xgb,18,1055.47959369638
12,1116.55145811756,xgb,18,1055.47959369638
13,962.545330452817,xgb,18,1055.47959369638
14,1112.48433915585,xgb,18,1055.47959369638
15,822.010625294396,xgb,18,1055.47959369638
16,1060.49633148874,xgb,18,1055.47959369638
17,1108.36846468892,xgb,18,1055.47959369638
18,905.982387433591,xgb,18,1055.47959369638
19,1070.76837547345,xgb,18,1055.47959369638
20,1010.13553357693,xgb,18,1055.47959369638
21,981.560395185203,xgb,18,1055.47959369638
22,914.933771408469,xgb,18,1055.47959369638
23,1134.49518282903,xgb,18,1055.47959369638
24,963.678133727356,xgb,18,1055.47959369638
25,1180.03651649685,xgb,18,1055.47959369638
26,1055.35677480953,xgb,18,1055.47959369638
27,1094.76401968278,xgb,18,1055.47959369638
28,1086.34112309988,xgb,18,1055.47959369638
29,944.906100245098,xgb,18,1055.47959369638
30,982.048019482728,xgb,18,1055.47959369638
31,960.070189069346,xgb,18,1055.47959369638
32,1068.78405697047,xgb,18,1055.47959369638
33,1032.27439054459,xgb,18,1055.47959369638
34,1003.45682330663,xgb,18,1055.47959369638
35,1078.44311158044,xgb,18,1055.47959369638
36,1093.35067629343,xgb,18,1055.47959369638
37,924.247558043718,xgb,18,1055.47959369638
38,1064.62312938347,xgb,18,1055.47959369638
39,1127.49499154991,xgb,18,1055.47959369638
40,850.430797457592,xgb,18,1055.47959369638
41,1099.25015534871,xgb,18,1055.47959369638
42,943.219162297623,xgb,18,1055.47959369638
43,1036.38154434868,xgb,18,1055.47959369638
44,1144.76095939827,xgb,18,1055.47959369638
45,917.172070298923,xgb,18,1055.47959369638
46,1202.15370981711,xgb,18,1055.47959369638
47,997.233835742549,xgb,18,1055.47959369638
48,988.343582700838,xgb,18,1055.47959369638
49,933.070775973612,xgb,18,1055.47959369638
50,970.972814005783,xgb,18,1055.47959369638
1,971.590331253927,xgb,19,1055.56499422949
2,1319.64030425056,xgb,19,1055.56499422949
3,1051.34689983514,xgb,19,1055.56499422949
4,932.494837708979,xgb,19,1055.56499422949
5,890.598003524971,xgb,19,1055.56499422949
6,1139.06645927885,xgb,19,1055.56499422949
7,974.011161437624,xgb,19,1055.56499422949
8,974.360798996662,xgb,19,1055.56499422949
9,1042.89032465777,xgb,19,1055.56499422949
10,1033.37327233904,xgb,19,1055.56499422949
11,1159.24222992598,xgb,19,1055.56499422949
12,1113.52226380031,xgb,19,1055.56499422949
13,956.054281597908,xgb,19,1055.56499422949
14,1116.29374157186,xgb,19,1055.56499422949
15,818.475605959391,xgb,19,1055.56499422949
16,1061.60129651857,xgb,19,1055.56499422949
17,1110.59741966643,xgb,19,1055.56499422949
18,902.542169066614,xgb,19,1055.56499422949
19,1075.37400758738,xgb,19,1055.56499422949
20,1002.96984456376,xgb,19,1055.56499422949
21,993.461220497166,xgb,19,1055.56499422949
22,918.206601928862,xgb,19,1055.56499422949
23,1124.61926519686,xgb,19,1055.56499422949
24,952.492508028095,xgb,19,1055.56499422949
25,1204.62863598287,xgb,19,1055.56499422949
26,1069.00898210875,xgb,19,1055.56499422949
27,1104.17412492856,xgb,19,1055.56499422949
28,1081.29574706025,xgb,19,1055.56499422949
29,961.78382085676,xgb,19,1055.56499422949
30,988.584118177961,xgb,19,1055.56499422949
31,960.800623669086,xgb,19,1055.56499422949
32,1067.16387985916,xgb,19,1055.56499422949
33,1042.84127175007,xgb,19,1055.56499422949
34,1026.92248586345,xgb,19,1055.56499422949
35,1077.95232041757,xgb,19,1055.56499422949
36,1087.67946997815,xgb,19,1055.56499422949
37,931.556171425448,xgb,19,1055.56499422949
38,1079.12685349684,xgb,19,1055.56499422949
39,1133.16462187614,xgb,19,1055.56499422949
40,859.105953638269,xgb,19,1055.56499422949
41,1100.28958057515,xgb,19,1055.56499422949
42,950.64962925369,xgb,19,1055.56499422949
43,1040.87871985829,xgb,19,1055.56499422949
44,1147.10323894446,xgb,19,1055.56499422949
45,922.801053817036,xgb,19,1055.56499422949
46,1202.77622321053,xgb,19,1055.56499422949
47,992.12004415078,xgb,19,1055.56499422949
48,995.930896839197,xgb,19,1055.56499422949
49,938.96911032394,xgb,19,1055.56499422949
50,971.815807292599,xgb,19,1055.56499422949
1,981.037996195871,xgb,20,1055.60614020506
2,1305.50781186807,xgb,20,1055.60614020506
3,1044.21229157821,xgb,20,1055.60614020506
4,934.222188866833,xgb,20,1055.60614020506
5,888.575901216514,xgb,20,1055.60614020506
6,1134.99991236345,xgb,20,1055.60614020506
7,974.624427256846,xgb,20,1055.60614020506
8,985.992425562819,xgb,20,1055.60614020506
9,1038.20123035408,xgb,20,1055.60614020506
10,1028.01347273196,xgb,20,1055.60614020506
11,1158.60331760357,xgb,20,1055.60614020506
12,1110.9320973085,xgb,20,1055.60614020506
13,960.800758158028,xgb,20,1055.60614020506
14,1126.01771168149,xgb,20,1055.60614020506
15,830.795470266677,xgb,20,1055.60614020506
16,1064.09370090759,xgb,20,1055.60614020506
17,1120.84322257609,xgb,20,1055.60614020506
18,910.05871376136,xgb,20,1055.60614020506
19,1075.0703772908,xgb,20,1055.60614020506
20,1002.56750594867,xgb,20,1055.60614020506
21,996.17447809499,xgb,20,1055.60614020506
22,924.456157508782,xgb,20,1055.60614020506
23,1128.25201894361,xgb,20,1055.60614020506
24,962.694713277682,xgb,20,1055.60614020506
25,1207.18659405314,xgb,20,1055.60614020506
26,1057.92122955581,xgb,20,1055.60614020506
27,1091.64633310868,xgb,20,1055.60614020506
28,1086.93098405414,xgb,20,1055.60614020506
29,949.802769229274,xgb,20,1055.60614020506
30,999.77241592882,xgb,20,1055.60614020506
31,960.970880370533,xgb,20,1055.60614020506
32,1062.62781135705,xgb,20,1055.60614020506
33,1043.15550378416,xgb,20,1055.60614020506
34,1024.66247591411,xgb,20,1055.60614020506
35,1079.67689997934,xgb,20,1055.60614020506
36,1096.47443291503,xgb,20,1055.60614020506
37,926.439731692206,xgb,20,1055.60614020506
38,1080.55025763458,xgb,20,1055.60614020506
39,1144.2730907346,xgb,20,1055.60614020506
40,867.672697106659,xgb,20,1055.60614020506
41,1102.72757699199,xgb,20,1055.60614020506
42,943.357283506865,xgb,20,1055.60614020506
43,1030.42439502727,xgb,20,1055.60614020506
44,1153.8367093331,xgb,20,1055.60614020506
45,915.034772841652,xgb,20,1055.60614020506
46,1200.49028523997,xgb,20,1055.60614020506
47,990.988512948652,xgb,20,1055.60614020506
48,985.599655453294,xgb,20,1055.60614020506
49,931.481637419423,xgb,20,1055.60614020506
50,985.140556399265,xgb,20,1055.60614020506
1,945.499653820246,rpf,1,1039.75561406574
2,1260.23167966665,rpf,1,1039.75561406574
3,1022.95857881906,rpf,1,1039.75561406574
4,915.357205151692,rpf,1,1039.75561406574
5,845.352481462953,rpf,1,1039.75561406574
6,1033.1288352489,rpf,1,1039.75561406574
7,961.192875717536,rpf,1,1039.75561406574
8,947.61392470898,rpf,1,1039.75561406574
9,1014.17433929571,rpf,1,1039.75561406574
10,1020.49876968715,rpf,1,1039.75561406574
11,1159.63203054188,rpf,1,1039.75561406574
12,1079.09976172194,rpf,1,1039.75561406574
13,913.946974513642,rpf,1,1039.75561406574
14,1091.96474159447,rpf,1,1039.75561406574
15,771.6698198842,rpf,1,1039.75561406574
16,1060.39227114064,rpf,1,1039.75561406574
17,1084.3940510108,rpf,1,1039.75561406574
18,900.329725777658,rpf,1,1039.75561406574
19,1097.5520507997,rpf,1,1039.75561406574
20,925.460232015239,rpf,1,1039.75561406574
21,933.747296615629,rpf,1,1039.75561406574
22,897.690574348986,rpf,1,1039.75561406574
23,1064.61503871125,rpf,1,1039.75561406574
24,947.025278180051,rpf,1,1039.75561406574
25,1230.10962087482,rpf,1,1039.75561406574
26,1007.81937603889,rpf,1,1039.75561406574
27,1114.09975447046,rpf,1,1039.75561406574
28,1055.0725132964,rpf,1,1039.75561406574
29,909.046917583783,rpf,1,1039.75561406574
30,952.195206653664,rpf,1,1039.75561406574
31,931.625727425548,rpf,1,1039.75561406574
32,1026.19508979741,rpf,1,1039.75561406574
33,995.884334455948,rpf,1,1039.75561406574
34,1022.3086757211,rpf,1,1039.75561406574
35,1064.83166586426,rpf,1,1039.75561406574
36,1065.55803063655,rpf,1,1039.75561406574
37,858.185315795403,rpf,1,1039.75561406574
38,1090.2924985313,rpf,1,1039.75561406574
39,1084.85647613447,rpf,1,1039.75561406574
40,883.847930799171,rpf,1,1039.75561406574
41,1106.2253124616,rpf,1,1039.75561406574
42,949.220232212163,rpf,1,1039.75561406574
43,1025.51325719795,rpf,1,1039.75561406574
44,1086.09500546665,rpf,1,1039.75561406574
45,880.551216057203,rpf,1,1039.75561406574
46,1167.5878054628,rpf,1,1039.75561406574
47,974.322954432207,rpf,1,1039.75561406574
48,982.767268426626,rpf,1,1039.75561406574
49,932.644996098851,rpf,1,1039.75561406574
50,966.81942847339,rpf,1,1039.75561406574
1,934.509569491816,rpf,2,1041.52001320127
2,1265.24226548362,rpf,2,1041.52001320127
3,1029.24791216191,rpf,2,1041.52001320127
4,925.06547234494,rpf,2,1041.52001320127
5,843.285400193425,rpf,2,1041.52001320127
6,1029.77175668063,rpf,2,1041.52001320127
7,967.929897168422,rpf,2,1041.52001320127
8,965.59889419072,rpf,2,1041.52001320127
9,1029.60638919727,rpf,2,1041.52001320127
10,1014.7188440031,rpf,2,1041.52001320127
11,1154.4136460326,rpf,2,1041.52001320127
12,1079.9968575915,rpf,2,1041.52001320127
13,912.981886686361,rpf,2,1041.52001320127
14,1103.37368709554,rpf,2,1041.52001320127
15,785.375215541177,rpf,2,1041.52001320127
16,1043.37137775771,rpf,2,1041.52001320127
17,1076.55121008758,rpf,2,1041.52001320127
18,889.107265449584,rpf,2,1041.52001320127
19,1108.52155013853,rpf,2,1041.52001320127
20,928.24805795669,rpf,2,1041.52001320127
21,939.943817285554,rpf,2,1041.52001320127
22,899.636395567658,rpf,2,1041.52001320127
23,1064.18337942671,rpf,2,1041.52001320127
24,950.372868077925,rpf,2,1041.52001320127
25,1228.09136654351,rpf,2,1041.52001320127
26,995.051576388675,rpf,2,1041.52001320127
27,1120.27676091715,rpf,2,1041.52001320127
28,1066.93628798513,rpf,2,1041.52001320127
29,902.293230815299,rpf,2,1041.52001320127
30,959.034328364878,rpf,2,1041.52001320127
31,936.794381602392,rpf,2,1041.52001320127
32,1017.23099368841,rpf,2,1041.52001320127
33,1011.91111862784,rpf,2,1041.52001320127
34,1005.59833357003,rpf,2,1041.52001320127
35,1063.29430646946,rpf,2,1041.52001320127
36,1051.17027844889,rpf,2,1041.52001320127
37,850.730182053718,rpf,2,1041.52001320127
38,1081.16124065255,rpf,2,1041.52001320127
39,1081.80809634826,rpf,2,1041.52001320127
40,873.815616300525,rpf,2,1041.52001320127
41,1109.18488599455,rpf,2,1041.52001320127
42,962.785851009813,rpf,2,1041.52001320127
43,1018.24442740814,rpf,2,1041.52001320127
44,1098.59100130817,rpf,2,1041.52001320127
45,893.560983174184,rpf,2,1041.52001320127
46,1160.35607210745,rpf,2,1041.52001320127
47,974.212943673852,rpf,2,1041.52001320127
48,978.248072932924,rpf,2,1041.52001320127
49,933.194261409333,rpf,2,1041.52001320127
50,954.662335556857,rpf,2,1041.52001320127
1,953.777503778837,rpf,3,1041.93230528808
2,1267.95913444165,rpf,3,1041.93230528808
3,1030.45373241809,rpf,3,1041.93230528808
4,920.052503250178,rpf,3,1041.93230528808
5,846.802212606363,rpf,3,1041.93230528808
6,1039.16110641539,rpf,3,1041.93230528808
7,957.900408310133,rpf,3,1041.93230528808
8,962.076560505406,rpf,3,1041.93230528808
9,1020.62260817661,rpf,3,1041.93230528808
10,1006.94613878642,rpf,3,1041.93230528808
11,1170.41433946504,rpf,3,1041.93230528808
12,1077.87512848485,rpf,3,1041.93230528808
13,918.341803293405,rpf,3,1041.93230528808
14,1089.93866969807,rpf,3,1041.93230528808
15,780.109220386056,rpf,3,1041.93230528808
16,1047.99794751261,rpf,3,1041.93230528808
17,1096.32847512263,rpf,3,1041.93230528808
18,909.042149562602,rpf,3,1041.93230528808
19,1094.35299137686,rpf,3,1041.93230528808
20,918.824297384428,rpf,3,1041.93230528808
21,942.075598371387,rpf,3,1041.93230528808
22,899.502359223686,rpf,3,1041.93230528808
23,1060.98324569217,rpf,3,1041.93230528808
24,950.848349948457,rpf,3,1041.93230528808
25,1223.71832201619,rpf,3,1041.93230528808
26,1009.24783506182,rpf,3,1041.93230528808
27,1126.06136872993,rpf,3,1041.93230528808
28,1068.64549088358,rpf,3,1041.93230528808
29,907.15416954295,rpf,3,1041.93230528808
30,967.775681224285,rpf,3,1041.93230528808
31,937.18916455543,rpf,3,1041.93230528808
32,1027.45947316727,rpf,3,1041.93230528808
33,1008.4964026111,rpf,3,1041.93230528808
34,1012.43680775213,rpf,3,1041.93230528808
35,1070.34737879782,rpf,3,1041.93230528808
36,1080.32317481905,rpf,3,1041.93230528808
37,853.435619148825,rpf,3,1041.93230528808
38,1076.06790860349,rpf,3,1041.93230528808
39,1071.61942551093,rpf,3,1041.93230528808
40,880.342724812196,rpf,3,1041.93230528808
41,1111.50145619208,rpf,3,1041.93230528808
42,940.085594274483,rpf,3,1041.93230528808
43,1029.75603241783,rpf,3,1041.93230528808
44,1094.89715752442,rpf,3,1041.93230528808
45,905.759430872029,rpf,3,1041.93230528808
46,1169.23411979921,rpf,3,1041.93230528808
47,963.106559549084,rpf,3,1041.93230528808
48,980.860731241538,rpf,3,1041.93230528808
49,936.754361694955,rpf,3,1041.93230528808
50,973.339274033198,rpf,3,1041.93230528808
1,938.919260632973,rpf,4,1042.36725984966
2,1267.35333376905,rpf,4,1042.36725984966
3,1023.77363597675,rpf,4,1042.36725984966
4,913.608025014434,rpf,4,1042.36725984966
5,835.365882947683,rpf,4,1042.36725984966
6,1035.56025507345,rpf,4,1042.36725984966
7,967.7500370691,rpf,4,1042.36725984966
8,955.855157906904,rpf,4,1042.36725984966
9,1020.29100155692,rpf,4,1042.36725984966
10,1020.50163921544,rpf,4,1042.36725984966
11,1160.43290666243,rpf,4,1042.36725984966
12,1074.9652371842,rpf,4,1042.36725984966
13,915.724579676991,rpf,4,1042.36725984966
14,1101.89965440499,rpf,4,1042.36725984966
15,773.46186012126,rpf,4,1042.36725984966
16,1048.64409654879,rpf,4,1042.36725984966
17,1086.995543079,rpf,4,1042.36725984966
18,891.702467923368,rpf,4,1042.36725984966
19,1115.51102353373,rpf,4,1042.36725984966
20,931.725482449203,rpf,4,1042.36725984966
21,935.375043701533,rpf,4,1042.36725984966
22,909.631847733143,rpf,4,1042.36725984966
23,1069.91684088132,rpf,4,1042.36725984966
24,938.129297709859,rpf,4,1042.36725984966
25,1225.39930412979,rpf,4,1042.36725984966
26,1001.74450374118,rpf,4,1042.36725984966
27,1110.01644140248,rpf,4,1042.36725984966
28,1054.70598594717,rpf,4,1042.36725984966
29,911.634057735132,rpf,4,1042.36725984966
30,950.045389922117,rpf,4,1042.36725984966
31,923.741114362453,rpf,4,1042.36725984966
32,1027.94615171541,rpf,4,1042.36725984966
33,1002.23903539533,rpf,4,1042.36725984966
34,1006.99524393868,rpf,4,1042.36725984966
35,1048.84025143729,rpf,4,1042.36725984966
36,1052.62281101611,rpf,4,1042.36725984966
37,854.725091183401,rpf,4,1042.36725984966
38,1096.04353199678,rpf,4,1042.36725984966
39,1084.48838185196,rpf,4,1042.36725984966
40,877.098196043599,rpf,4,1042.36725984966
41,1096.67567770065,rpf,4,1042.36725984966
42,945.713803842667,rpf,4,1042.36725984966
43,1032.70363004979,rpf,4,1042.36725984966
44,1082.81416851267,rpf,4,1042.36725984966
45,892.912675231366,rpf,4,1042.36725984966
46,1194.51799663187,rpf,4,1042.36725984966
47,986.18419175735,rpf,4,1042.36725984966
48,1004.10982646252,rpf,4,1042.36725984966
49,940.566799904179,rpf,4,1042.36725984966
50,963.985568591931,rpf,4,1042.36725984966
1,942.85883503585,rpf,5,1042.65621816774
2,1273.25049621634,rpf,5,1042.65621816774
3,1020.42981300193,rpf,5,1042.65621816774
4,921.825547635463,rpf,5,1042.65621816774
5,845.233429602405,rpf,5,1042.65621816774
6,1040.79303024966,rpf,5,1042.65621816774
7,961.091912058701,rpf,5,1042.65621816774
8,969.919220224679,rpf,5,1042.65621816774
9,1022.51188411277,rpf,5,1042.65621816774
10,1009.80162546884,rpf,5,1042.65621816774
11,1162.29543993116,rpf,5,1042.65621816774
12,1072.99563997621,rpf,5,1042.65621816774
13,913.069433603371,rpf,5,1042.65621816774
14,1103.12881080047,rpf,5,1042.65621816774
15,775.329692468671,rpf,5,1042.65621816774
16,1059.82365105648,rpf,5,1042.65621816774
17,1080.04888868789,rpf,5,1042.65621816774
18,906.042992920577,rpf,5,1042.65621816774
19,1103.61229487923,rpf,5,1042.65621816774
20,939.89246311363,rpf,5,1042.65621816774
21,930.271647817562,rpf,5,1042.65621816774
22,909.522111332178,rpf,5,1042.65621816774
23,1054.88579114804,rpf,5,1042.65621816774
24,939.81430787848,rpf,5,1042.65621816774
25,1225.06222581356,rpf,5,1042.65621816774
26,1004.24276720826,rpf,5,1042.65621816774
27,1128.50389763148,rpf,5,1042.65621816774
28,1075.73543097678,rpf,5,1042.65621816774
29,904.728344167932,rpf,5,1042.65621816774
30,954.37703587201,rpf,5,1042.65621816774
31,927.47231882187,rpf,5,1042.65621816774
32,1015.79248709048,rpf,5,1042.65621816774
33,1005.13012030912,rpf,5,1042.65621816774
34,1008.83611847746,rpf,5,1042.65621816774
35,1058.95748925919,rpf,5,1042.65621816774
36,1073.33260344442,rpf,5,1042.65621816774
37,860.665388227867,rpf,5,1042.65621816774
38,1093.03490585809,rpf,5,1042.65621816774
39,1078.78780334322,rpf,5,1042.65621816774
40,872.690088492882,rpf,5,1042.65621816774
41,1100.96395779444,rpf,5,1042.65621816774
42,950.984756869276,rpf,5,1042.65621816774
43,1033.30057817187,rpf,5,1042.65621816774
44,1099.7646014216,rpf,5,1042.65621816774
45,889.871686042889,rpf,5,1042.65621816774
46,1192.19928868145,rpf,5,1042.65621816774
47,983.248230124372,rpf,5,1042.65621816774
48,981.663856604121,rpf,5,1042.65621816774
49,925.926568880365,rpf,5,1042.65621816774
50,972.717956605539,rpf,5,1042.65621816774
1,963.483417983796,rpf,6,1043.02494823946
2,1270.59172198761,rpf,6,1043.02494823946
3,1024.09990732103,rpf,6,1043.02494823946
4,918.227285976591,rpf,6,1043.02494823946
5,849.294479363558,rpf,6,1043.02494823946
6,1054.4326349256,rpf,6,1043.02494823946
7,967.760088208914,rpf,6,1043.02494823946
8,980.442283860051,rpf,6,1043.02494823946
9,1032.60607303995,rpf,6,1043.02494823946
10,1021.6297889532,rpf,6,1043.02494823946
11,1161.11377985503,rpf,6,1043.02494823946
12,1071.50187095896,rpf,6,1043.02494823946
13,914.590911779686,rpf,6,1043.02494823946
14,1112.36324205632,rpf,6,1043.02494823946
15,785.672624538467,rpf,6,1043.02494823946
16,1056.43590074642,rpf,6,1043.02494823946
17,1106.19826527873,rpf,6,1043.02494823946
18,907.584506737091,rpf,6,1043.02494823946
19,1099.83854009336,rpf,6,1043.02494823946
20,928.245163659704,rpf,6,1043.02494823946
21,945.892500291608,rpf,6,1043.02494823946
22,904.154791311399,rpf,6,1043.02494823946
23,1083.35848678866,rpf,6,1043.02494823946
24,950.983232000677,rpf,6,1043.02494823946
25,1231.36705583739,rpf,6,1043.02494823946
26,1014.37989169727,rpf,6,1043.02494823946
27,1111.27277437483,rpf,6,1043.02494823946
28,1077.09302506013,rpf,6,1043.02494823946
29,907.43330137253,rpf,6,1043.02494823946
30,968.558385544969,rpf,6,1043.02494823946
31,940.946183029802,rpf,6,1043.02494823946
32,1025.49900761529,rpf,6,1043.02494823946
33,1010.62372302248,rpf,6,1043.02494823946
34,1002.20719130044,rpf,6,1043.02494823946
35,1067.09316803494,rpf,6,1043.02494823946
36,1062.59685955608,rpf,6,1043.02494823946
37,864.496517063611,rpf,6,1043.02494823946
38,1085.89983666066,rpf,6,1043.02494823946
39,1078.5180784016,rpf,6,1043.02494823946
40,884.019381572796,rpf,6,1043.02494823946
41,1106.97258071454,rpf,6,1043.02494823946
42,966.396600054239,rpf,6,1043.02494823946
43,1030.93416502765,rpf,6,1043.02494823946
44,1111.11127275789,rpf,6,1043.02494823946
45,895.285094852011,rpf,6,1043.02494823946
46,1183.56063969105,rpf,6,1043.02494823946
47,987.880521813442,rpf,6,1043.02494823946
48,983.036434071575,rpf,6,1043.02494823946
49,940.297487622888,rpf,6,1043.02494823946
50,977.67626226811,rpf,6,1043.02494823946
1,950.928274023071,rpf,7,1043.17501278903
2,1264.45642619141,rpf,7,1043.17501278903
3,1020.81729319698,rpf,7,1043.17501278903
4,925.303804023102,rpf,7,1043.17501278903
5,855.313660997373,rpf,7,1043.17501278903
6,1049.9702228268,rpf,7,1043.17501278903
7,965.311423778032,rpf,7,1043.17501278903
8,969.012216213038,rpf,7,1043.17501278903
9,1031.69369469979,rpf,7,1043.17501278903
10,1012.68218881133,rpf,7,1043.17501278903
11,1169.98337922863,rpf,7,1043.17501278903
12,1096.76932245515,rpf,7,1043.17501278903
13,918.229868275229,rpf,7,1043.17501278903
14,1106.93729605583,rpf,7,1043.17501278903
15,773.383871320813,rpf,7,1043.17501278903
16,1048.69074232139,rpf,7,1043.17501278903
17,1091.66615065739,rpf,7,1043.17501278903
18,886.345783097326,rpf,7,1043.17501278903
19,1126.14509960401,rpf,7,1043.17501278903
20,938.281955784612,rpf,7,1043.17501278903
21,935.13328398639,rpf,7,1043.17501278903
22,904.328812869272,rpf,7,1043.17501278903
23,1067.72673592699,rpf,7,1043.17501278903
24,950.092429083507,rpf,7,1043.17501278903
25,1235.73747722626,rpf,7,1043.17501278903
26,1012.3540490986,rpf,7,1043.17501278903
27,1105.05687585614,rpf,7,1043.17501278903
28,1058.30213412218,rpf,7,1043.17501278903
29,905.970975380112,rpf,7,1043.17501278903
30,974.447531743877,rpf,7,1043.17501278903
31,926.741904888989,rpf,7,1043.17501278903
32,1028.49081835597,rpf,7,1043.17501278903
33,1003.98859314471,rpf,7,1043.17501278903
34,1003.47318264847,rpf,7,1043.17501278903
35,1066.78175614838,rpf,7,1043.17501278903
36,1070.42927645076,rpf,7,1043.17501278903
37,866.594960973108,rpf,7,1043.17501278903
38,1091.06133185898,rpf,7,1043.17501278903
39,1080.93603160889,rpf,7,1043.17501278903
40,887.409567421013,rpf,7,1043.17501278903
41,1110.41432958748,rpf,7,1043.17501278903
42,951.923536077233,rpf,7,1043.17501278903
43,1025.07196888826,rpf,7,1043.17501278903
44,1095.82467560425,rpf,7,1043.17501278903
45,907.643150273232,rpf,7,1043.17501278903
46,1187.25242207641,rpf,7,1043.17501278903
47,969.622281594664,rpf,7,1043.17501278903
48,989.51668882096,rpf,7,1043.17501278903
49,932.474605310733,rpf,7,1043.17501278903
50,983.744060721262,rpf,7,1043.17501278903
1,948.265287420096,rpf,8,1043.24586928742
2,1278.08338974855,rpf,8,1043.24586928742
3,1023.54025718202,rpf,8,1043.24586928742
4,926.335195786686,rpf,8,1043.24586928742
5,839.123782884515,rpf,8,1043.24586928742
6,1029.55987882727,rpf,8,1043.24586928742
7,964.360342553278,rpf,8,1043.24586928742
8,961.39319662254,rpf,8,1043.24586928742
9,1017.50329875118,rpf,8,1043.24586928742
10,1018.820232539,rpf,8,1043.24586928742
11,1164.85431179882,rpf,8,1043.24586928742
12,1075.91036044134,rpf,8,1043.24586928742
13,923.380468418623,rpf,8,1043.24586928742
14,1091.77027916159,rpf,8,1043.24586928742
15,785.743774201898,rpf,8,1043.24586928742
16,1057.85252955199,rpf,8,1043.24586928742
17,1086.2519618212,rpf,8,1043.24586928742
18,885.211689322106,rpf,8,1043.24586928742
19,1115.92251768387,rpf,8,1043.24586928742
20,926.527755918112,rpf,8,1043.24586928742
21,936.494081591885,rpf,8,1043.24586928742
22,901.530431738281,rpf,8,1043.24586928742
23,1068.1145251074,rpf,8,1043.24586928742
24,949.798086049858,rpf,8,1043.24586928742
25,1211.7563229787,rpf,8,1043.24586928742
26,1005.27964349269,rpf,8,1043.24586928742
27,1123.26631380211,rpf,8,1043.24586928742
28,1063.24542311003,rpf,8,1043.24586928742
29,893.048523229794,rpf,8,1043.24586928742
30,964.194741321323,rpf,8,1043.24586928742
31,930.658815750835,rpf,8,1043.24586928742
32,1017.8406436752,rpf,8,1043.24586928742
33,1007.72455489505,rpf,8,1043.24586928742
34,1006.67829432351,rpf,8,1043.24586928742
35,1054.59366007523,rpf,8,1043.24586928742
36,1079.01550168501,rpf,8,1043.24586928742
37,856.43353388479,rpf,8,1043.24586928742
38,1114.37688307055,rpf,8,1043.24586928742
39,1089.69894084426,rpf,8,1043.24586928742
40,880.571778807687,rpf,8,1043.24586928742
41,1111.73746393722,rpf,8,1043.24586928742
42,945.334615821157,rpf,8,1043.24586928742
43,1020.2915863037,rpf,8,1043.24586928742
44,1098.49994545286,rpf,8,1043.24586928742
45,903.754448453819,rpf,8,1043.24586928742
46,1181.83378397769,rpf,8,1043.24586928742
47,966.789667496273,rpf,8,1043.24586928742
48,989.510218460946,rpf,8,1043.24586928742
49,927.569002782086,rpf,8,1043.24586928742
50,965.256472059406,rpf,8,1043.24586928742
1,945.977441492283,rpf,9,1043.28080126384
2,1261.23514948458,rpf,9,1043.28080126384
3,1029.39355592481,rpf,9,1043.28080126384
4,921.698046337468,rpf,9,1043.28080126384
5,838.305508010683,rpf,9,1043.28080126384
6,1037.15895807614,rpf,9,1043.28080126384
7,948.86699291775,rpf,9,1043.28080126384
8,957.729710951257,rpf,9,1043.28080126384
9,1025.69179763743,rpf,9,1043.28080126384
10,1022.98864294728,rpf,9,1043.28080126384
11,1143.86547008636,rpf,9,1043.28080126384
12,1072.54975004814,rpf,9,1043.28080126384
13,908.679043807921,rpf,9,1043.28080126384
14,1104.50997733593,rpf,9,1043.28080126384
15,771.123801981193,rpf,9,1043.28080126384
16,1051.30655490806,rpf,9,1043.28080126384
17,1089.93515786344,rpf,9,1043.28080126384
18,895.006971957659,rpf,9,1043.28080126384
19,1107.07739611643,rpf,9,1043.28080126384
20,922.747655019093,rpf,9,1043.28080126384
21,935.881564731196,rpf,9,1043.28080126384
22,905.577855339757,rpf,9,1043.28080126384
23,1083.02206267728,rpf,9,1043.28080126384
24,959.164861529677,rpf,9,1043.28080126384
25,1227.48964598741,rpf,9,1043.28080126384
26,1009.44301224488,rpf,9,1043.28080126384
27,1112.82654630248,rpf,9,1043.28080126384
28,1064.11000379838,rpf,9,1043.28080126384
29,901.443277591091,rpf,9,1043.28080126384
30,959.734453980688,rpf,9,1043.28080126384
31,941.163944533405,rpf,9,1043.28080126384
32,1027.70189045367,rpf,9,1043.28080126384
33,1001.9189244308,rpf,9,1043.28080126384
34,1006.57165827034,rpf,9,1043.28080126384
35,1054.95093389509,rpf,9,1043.28080126384
36,1060.9358400205,rpf,9,1043.28080126384
37,855.403152016965,rpf,9,1043.28080126384
38,1099.83568636183,rpf,9,1043.28080126384
39,1086.93364097908,rpf,9,1043.28080126384
40,876.362088500921,rpf,9,1043.28080126384
41,1122.19682326045,rpf,9,1043.28080126384
42,945.666452750521,rpf,9,1043.28080126384
43,1029.25195505933,rpf,9,1043.28080126384
44,1101.96693420592,rpf,9,1043.28080126384
45,894.892855422179,rpf,9,1043.28080126384
46,1181.9759156499,rpf,9,1043.28080126384
47,969.533206717415,rpf,9,1043.28080126384
48,997.80345742748,rpf,9,1043.28080126384
49,929.880388793604,rpf,9,1043.28080126384
50,958.168010574387,rpf,9,1043.28080126384
1,949.164534466053,rpf,10,1043.60921853686
2,1271.56189546552,rpf,10,1043.60921853686
3,1024.19566793685,rpf,10,1043.60921853686
4,923.288286621455,rpf,10,1043.60921853686
5,858.188125307893,rpf,10,1043.60921853686
6,1023.86952589136,rpf,10,1043.60921853686
7,965.458694643174,rpf,10,1043.60921853686
8,964.981934271527,rpf,10,1043.60921853686
9,1008.10088267771,rpf,10,1043.60921853686
10,1013.71333658042,rpf,10,1043.60921853686
11,1158.75251566636,rpf,10,1043.60921853686
12,1068.46084950651,rpf,10,1043.60921853686
13,909.980153848485,rpf,10,1043.60921853686
14,1103.40536325908,rpf,10,1043.60921853686
15,772.579888266959,rpf,10,1043.60921853686
16,1051.50221230458,rpf,10,1043.60921853686
17,1096.17412284438,rpf,10,1043.60921853686
18,896.329966942174,rpf,10,1043.60921853686
19,1092.74254869508,rpf,10,1043.60921853686
20,932.639582292301,rpf,10,1043.60921853686
21,930.716068423027,rpf,10,1043.60921853686
22,905.294731600728,rpf,10,1043.60921853686
23,1064.3336422,rpf,10,1043.60921853686
24,960.524548168252,rpf,10,1043.60921853686
25,1223.1106507884,rpf,10,1043.60921853686
26,1013.35297411514,rpf,10,1043.60921853686
27,1105.91952553858,rpf,10,1043.60921853686
28,1057.47460674718,rpf,10,1043.60921853686
29,899.233618770478,rpf,10,1043.60921853686
30,964.494428313304,rpf,10,1043.60921853686
31,945.657960090517,rpf,10,1043.60921853686
32,1027.0051372608,rpf,10,1043.60921853686
33,1004.00441871302,rpf,10,1043.60921853686
34,1005.56560473735,rpf,10,1043.60921853686
35,1053.62849372534,rpf,10,1043.60921853686
36,1070.22770823214,rpf,10,1043.60921853686
37,859.675251687974,rpf,10,1043.60921853686
38,1081.83470054513,rpf,10,1043.60921853686
39,1075.21108645927,rpf,10,1043.60921853686
40,880.585267926621,rpf,10,1043.60921853686
41,1117.05303369463,rpf,10,1043.60921853686
42,951.982533425629,rpf,10,1043.60921853686
43,1033.39444456329,rpf,10,1043.60921853686
44,1081.10108412774,rpf,10,1043.60921853686
45,889.36239714946,rpf,10,1043.60921853686
46,1186.88844522126,rpf,10,1043.60921853686
47,972.532423850027,rpf,10,1043.60921853686
48,989.841231502806,rpf,10,1043.60921853686
49,921.207584532758,rpf,10,1043.60921853686
50,951.849055237056,rpf,10,1043.60921853686
1,943.68379256169,rpf,11,1043.7316292218
2,1259.2461892195,rpf,11,1043.7316292218
3,1019.68580740009,rpf,11,1043.7316292218
4,933.556038780694,rpf,11,1043.7316292218
5,858.197324261366,rpf,11,1043.7316292218
6,1041.5592103752,rpf,11,1043.7316292218
7,958.405581460762,rpf,11,1043.7316292218
8,974.853424976318,rpf,11,1043.7316292218
9,1025.09349781453,rpf,11,1043.7316292218
10,1009.90567027122,rpf,11,1043.7316292218
11,1154.52834395217,rpf,11,1043.7316292218
12,1069.7437989623,rpf,11,1043.7316292218
13,914.097024818074,rpf,11,1043.7316292218
14,1109.14879001512,rpf,11,1043.7316292218
15,793.828085826229,rpf,11,1043.7316292218
16,1057.8413712507,rpf,11,1043.7316292218
17,1088.52436352264,rpf,11,1043.7316292218
18,896.13968582443,rpf,11,1043.7316292218
19,1125.50740983197,rpf,11,1043.7316292218
20,938.175858395869,rpf,11,1043.7316292218
21,928.55322350958,rpf,11,1043.7316292218
22,907.395216656013,rpf,11,1043.7316292218
23,1078.68733345793,rpf,11,1043.7316292218
24,942.675467090727,rpf,11,1043.7316292218
25,1235.49499747801,rpf,11,1043.7316292218
26,1001.61775713649,rpf,11,1043.7316292218
27,1118.62972242529,rpf,11,1043.7316292218
28,1076.23864512993,rpf,11,1043.7316292218
29,897.590509382258,rpf,11,1043.7316292218
30,969.092632988962,rpf,11,1043.7316292218
31,946.738148005718,rpf,11,1043.7316292218
32,1023.72862002898,rpf,11,1043.7316292218
33,992.001210906277,rpf,11,1043.7316292218
34,1015.06505460646,rpf,11,1043.7316292218
35,1059.85960700565,rpf,11,1043.7316292218
36,1070.70593489169,rpf,11,1043.7316292218
37,859.583238105445,rpf,11,1043.7316292218
38,1091.16681633748,rpf,11,1043.7316292218
39,1073.09817207756,rpf,11,1043.7316292218
40,879.687068742134,rpf,11,1043.7316292218
41,1117.52323026587,rpf,11,1043.7316292218
42,944.87204418236,rpf,11,1043.7316292218
43,1022.54727921051,rpf,11,1043.7316292218
44,1099.09300841616,rpf,11,1043.7316292218
45,886.283133792759,rpf,11,1043.7316292218
46,1187.53118413262,rpf,11,1043.7316292218
47,970.726437286677,rpf,11,1043.7316292218
48,988.839637488118,rpf,11,1043.7316292218
49,944.350165602806,rpf,11,1043.7316292218
50,966.342159007334,rpf,11,1043.7316292218
1,931.469121149795,rpf,12,1043.96955980202
2,1290.77030311252,rpf,12,1043.96955980202
3,1034.45442279741,rpf,12,1043.96955980202
4,927.701403770408,rpf,12,1043.96955980202
5,857.017970818567,rpf,12,1043.96955980202
6,1038.13885983755,rpf,12,1043.96955980202
7,958.871015001036,rpf,12,1043.96955980202
8,961.391971624397,rpf,12,1043.96955980202
9,1018.5651027716,rpf,12,1043.96955980202
10,1015.47460299644,rpf,12,1043.96955980202
11,1155.69936257648,rpf,12,1043.96955980202
12,1067.4297613041,rpf,12,1043.96955980202
13,904.925375673895,rpf,12,1043.96955980202
14,1090.24509435284,rpf,12,1043.96955980202
15,776.77218614894,rpf,12,1043.96955980202
16,1040.79421146392,rpf,12,1043.96955980202
17,1081.68489065883,rpf,12,1043.96955980202
18,900.10992350902,rpf,12,1043.96955980202
19,1123.94494525753,rpf,12,1043.96955980202
20,920.840553143496,rpf,12,1043.96955980202
21,931.050090214661,rpf,12,1043.96955980202
22,900.325808759951,rpf,12,1043.96955980202
23,1059.09429080588,rpf,12,1043.96955980202
24,956.859844135489,rpf,12,1043.96955980202
25,1227.5172760945,rpf,12,1043.96955980202
26,991.29688711965,rpf,12,1043.96955980202
27,1115.28260489047,rpf,12,1043.96955980202
28,1052.75965385416,rpf,12,1043.96955980202
29,891.472327735122,rpf,12,1043.96955980202
30,944.626626211237,rpf,12,1043.96955980202
31,928.506936144292,rpf,12,1043.96955980202
32,1032.83799928593,rpf,12,1043.96955980202
33,1013.58921895213,rpf,12,1043.96955980202
34,1016.82962656166,rpf,12,1043.96955980202
35,1067.87964137423,rpf,12,1043.96955980202
36,1069.44133188486,rpf,12,1043.96955980202
37,868.097690695718,rpf,12,1043.96955980202
38,1096.21942857895,rpf,12,1043.96955980202
39,1070.53947186823,rpf,12,1043.96955980202
40,887.313222584751,rpf,12,1043.96955980202
41,1112.63390627339,rpf,12,1043.96955980202
42,949.585771380615,rpf,12,1043.96955980202
43,1011.8286210885,rpf,12,1043.96955980202
44,1096.11720343451,rpf,12,1043.96955980202
45,888.613703122753,rpf,12,1043.96955980202
46,1187.88972748417,rpf,12,1043.96955980202
47,984.139665090586,rpf,12,1043.96955980202
48,980.278217493949,rpf,12,1043.96955980202
49,920.939059402372,rpf,12,1043.96955980202
50,957.576515283021,rpf,12,1043.96955980202
1,946.963384491533,rpf,13,1043.99030134655
2,1293.64996807207,rpf,13,1043.99030134655
3,1033.41743593476,rpf,13,1043.99030134655
4,925.4739975884,rpf,13,1043.99030134655
5,849.292292463052,rpf,13,1043.99030134655
6,1032.74596735544,rpf,13,1043.99030134655
7,953.995421507829,rpf,13,1043.99030134655
8,955.924291728833,rpf,13,1043.99030134655
9,1039.71929750087,rpf,13,1043.99030134655
10,1010.97657180121,rpf,13,1043.99030134655
11,1152.74295696218,rpf,13,1043.99030134655
12,1071.98756365014,rpf,13,1043.99030134655
13,911.298383905476,rpf,13,1043.99030134655
14,1087.47259894886,rpf,13,1043.99030134655
15,780.310229239521,rpf,13,1043.99030134655
16,1032.07699960779,rpf,13,1043.99030134655
17,1080.80906902256,rpf,13,1043.99030134655
18,894.712187348614,rpf,13,1043.99030134655
19,1110.49342185465,rpf,13,1043.99030134655
20,944.081945464067,rpf,13,1043.99030134655
21,939.63984094203,rpf,13,1043.99030134655
22,909.761370347795,rpf,13,1043.99030134655
23,1064.96019175097,rpf,13,1043.99030134655
24,949.907592459502,rpf,13,1043.99030134655
25,1218.2260410948,rpf,13,1043.99030134655
26,995.322711345758,rpf,13,1043.99030134655
27,1115.50463020503,rpf,13,1043.99030134655
28,1056.07394420052,rpf,13,1043.99030134655
29,912.780348888673,rpf,13,1043.99030134655
30,961.174815837041,rpf,13,1043.99030134655
31,940.112256804423,rpf,13,1043.99030134655
32,1018.56466025893,rpf,13,1043.99030134655
33,1009.74823408517,rpf,13,1043.99030134655
34,1020.56712489519,rpf,13,1043.99030134655
35,1047.80421628983,rpf,13,1043.99030134655
36,1064.10852888804,rpf,13,1043.99030134655
37,860.850051282168,rpf,13,1043.99030134655
38,1080.13702186268,rpf,13,1043.99030134655
39,1088.14111573408,rpf,13,1043.99030134655
40,871.986338076825,rpf,13,1043.99030134655
41,1109.36042136457,rpf,13,1043.99030134655
42,957.08335046435,rpf,13,1043.99030134655
43,1025.46063554339,rpf,13,1043.99030134655
44,1089.69404727401,rpf,13,1043.99030134655
45,896.168165492637,rpf,13,1043.99030134655
46,1189.30801743842,rpf,13,1043.99030134655
47,953.200751432828,rpf,13,1043.99030134655
48,982.351619208039,rpf,13,1043.99030134655
49,920.067339717468,rpf,13,1043.99030134655
50,957.158980765745,rpf,13,1043.99030134655
1,939.205925533953,rpf,14,1044.20433274949
2,1266.42360203581,rpf,14,1044.20433274949
3,1023.23000769496,rpf,14,1044.20433274949
4,933.458043633871,rpf,14,1044.20433274949
5,857.799491275217,rpf,14,1044.20433274949
6,1031.81634327596,rpf,14,1044.20433274949
7,964.871936129784,rpf,14,1044.20433274949
8,961.932270178212,rpf,14,1044.20433274949
9,1022.41681262765,rpf,14,1044.20433274949
10,1020.68329228562,rpf,14,1044.20433274949
11,1169.86318731305,rpf,14,1044.20433274949
12,1065.76176863789,rpf,14,1044.20433274949
13,896.20302247658,rpf,14,1044.20433274949
14,1107.01052351913,rpf,14,1044.20433274949
15,775.341700060175,rpf,14,1044.20433274949
16,1044.69176138526,rpf,14,1044.20433274949
17,1094.49216041563,rpf,14,1044.20433274949
18,891.997598592697,rpf,14,1044.20433274949
19,1112.36897134055,rpf,14,1044.20433274949
20,929.552970394083,rpf,14,1044.20433274949
21,934.963538379549,rpf,14,1044.20433274949
22,913.625247207055,rpf,14,1044.20433274949
23,1069.48947096109,rpf,14,1044.20433274949
24,957.932173170976,rpf,14,1044.20433274949
25,1231.8443996592,rpf,14,1044.20433274949
26,1007.00100292428,rpf,14,1044.20433274949
27,1118.85761956511,rpf,14,1044.20433274949
28,1064.34249736902,rpf,14,1044.20433274949
29,914.565599503274,rpf,14,1044.20433274949
30,963.63886897871,rpf,14,1044.20433274949
31,941.07121909506,rpf,14,1044.20433274949
32,1029.534339857,rpf,14,1044.20433274949
33,1014.76236775518,rpf,14,1044.20433274949
34,1021.07201409067,rpf,14,1044.20433274949
35,1064.12295971381,rpf,14,1044.20433274949
36,1067.72751499643,rpf,14,1044.20433274949
37,855.161074829907,rpf,14,1044.20433274949
38,1092.40597979689,rpf,14,1044.20433274949
39,1077.80070114527,rpf,14,1044.20433274949
40,882.032552289647,rpf,14,1044.20433274949
41,1104.98204663553,rpf,14,1044.20433274949
42,965.535830779243,rpf,14,1044.20433274949
43,1021.09630224587,rpf,14,1044.20433274949
44,1106.35053933771,rpf,14,1044.20433274949
45,887.24148455756,rpf,14,1044.20433274949
46,1192.11701465805,rpf,14,1044.20433274949
47,976.959253150626,rpf,14,1044.20433274949
48,982.703475470907,rpf,14,1044.20433274949
49,938.594314360333,rpf,14,1044.20433274949
50,960.075996535671,rpf,14,1044.20433274949
1,963.632087674666,rpf,15,1044.35753463016
2,1279.20299958727,rpf,15,1044.35753463016
3,1026.54499315543,rpf,15,1044.35753463016
4,931.793923753253,rpf,15,1044.35753463016
5,849.680418570928,rpf,15,1044.35753463016
6,1036.34092500029,rpf,15,1044.35753463016
7,968.517538520381,rpf,15,1044.35753463016
8,964.453210645872,rpf,15,1044.35753463016
9,1034.31481796671,rpf,15,1044.35753463016
10,1005.69663347981,rpf,15,1044.35753463016
11,1163.3975643462,rpf,15,1044.35753463016
12,1078.81346420186,rpf,15,1044.35753463016
13,929.688103394926,rpf,15,1044.35753463016
14,1115.86703953557,rpf,15,1044.35753463016
15,780.811217251265,rpf,15,1044.35753463016
16,1053.16150623763,rpf,15,1044.35753463016
17,1086.00697078901,rpf,15,1044.35753463016
18,893.47991925444,rpf,15,1044.35753463016
19,1134.42774479394,rpf,15,1044.35753463016
20,939.301371197992,rpf,15,1044.35753463016
21,937.809257808333,rpf,15,1044.35753463016
22,909.054883502701,rpf,15,1044.35753463016
23,1064.47644901078,rpf,15,1044.35753463016
24,954.272767414338,rpf,15,1044.35753463016
25,1227.98803713244,rpf,15,1044.35753463016
26,1006.97663737962,rpf,15,1044.35753463016
27,1129.48549627066,rpf,15,1044.35753463016
28,1055.0576866772,rpf,15,1044.35753463016
29,898.992799401214,rpf,15,1044.35753463016
30,963.264568220603,rpf,15,1044.35753463016
31,952.115237107942,rpf,15,1044.35753463016
32,1015.99965314961,rpf,15,1044.35753463016
33,1004.84629259295,rpf,15,1044.35753463016
34,1010.68590925871,rpf,15,1044.35753463016
35,1053.87306254291,rpf,15,1044.35753463016
36,1073.8544199388,rpf,15,1044.35753463016
37,856.517675257185,rpf,15,1044.35753463016
38,1096.38317068049,rpf,15,1044.35753463016
39,1084.61449166784,rpf,15,1044.35753463016
40,867.847207297125,rpf,15,1044.35753463016
41,1123.78751823958,rpf,15,1044.35753463016
42,941.658834720756,rpf,15,1044.35753463016
43,1036.76771859149,rpf,15,1044.35753463016
44,1105.37622261081,rpf,15,1044.35753463016
45,900.02682189343,rpf,15,1044.35753463016
46,1192.58073878914,rpf,15,1044.35753463016
47,979.218019144301,rpf,15,1044.35753463016
48,984.186664387946,rpf,15,1044.35753463016
49,922.3667310587,rpf,15,1044.35753463016
50,974.363597955202,rpf,15,1044.35753463016
1,952.427616346686,rpf,16,1044.40394363081
2,1259.22103629118,rpf,16,1044.40394363081
3,1025.71235292632,rpf,16,1044.40394363081
4,923.560957774328,rpf,16,1044.40394363081
5,850.186580616665,rpf,16,1044.40394363081
6,1028.33996292071,rpf,16,1044.40394363081
7,962.252392951315,rpf,16,1044.40394363081
8,976.673106795373,rpf,16,1044.40394363081
9,1020.01375687833,rpf,16,1044.40394363081
10,1017.88949960312,rpf,16,1044.40394363081
11,1159.46958301752,rpf,16,1044.40394363081
12,1072.84080836084,rpf,16,1044.40394363081
13,905.461715974512,rpf,16,1044.40394363081
14,1117.99715070479,rpf,16,1044.40394363081
15,784.107792778929,rpf,16,1044.40394363081
16,1047.17869111632,rpf,16,1044.40394363081
17,1097.7487727314,rpf,16,1044.40394363081
18,909.898600617463,rpf,16,1044.40394363081
19,1115.90179042791,rpf,16,1044.40394363081
20,952.017258004014,rpf,16,1044.40394363081
21,939.449766341396,rpf,16,1044.40394363081
22,910.35647308322,rpf,16,1044.40394363081
23,1070.10487504654,rpf,16,1044.40394363081
24,953.900793447809,rpf,16,1044.40394363081
25,1240.24516317429,rpf,16,1044.40394363081
26,1002.49804256856,rpf,16,1044.40394363081
27,1108.67523523115,rpf,16,1044.40394363081
28,1080.43033345844,rpf,16,1044.40394363081
29,905.998984364366,rpf,16,1044.40394363081
30,957.40522228884,rpf,16,1044.40394363081
31,936.459966155749,rpf,16,1044.40394363081
32,1036.07072649414,rpf,16,1044.40394363081
33,1008.10366229585,rpf,16,1044.40394363081
34,1012.90950236081,rpf,16,1044.40394363081
35,1074.95600431962,rpf,16,1044.40394363081
36,1064.71900465561,rpf,16,1044.40394363081
37,855.825119657565,rpf,16,1044.40394363081
38,1089.28831643756,rpf,16,1044.40394363081
39,1098.628568901,rpf,16,1044.40394363081
40,897.176173311269,rpf,16,1044.40394363081
41,1107.76901084437,rpf,16,1044.40394363081
42,951.173246730085,rpf,16,1044.40394363081
43,1035.19983486904,rpf,16,1044.40394363081
44,1099.09747921616,rpf,16,1044.40394363081
45,889.094439891734,rpf,16,1044.40394363081
46,1196.75484342558,rpf,16,1044.40394363081
47,980.103663925081,rpf,16,1044.40394363081
48,984.759156984935,rpf,16,1044.40394363081
49,941.410396734503,rpf,16,1044.40394363081
50,970.916271044607,rpf,16,1044.40394363081
1,933.598436575934,rpf,17,1044.60693158539
2,1277.83357294563,rpf,17,1044.60693158539
3,1016.80448024759,rpf,17,1044.60693158539
4,920.530337588419,rpf,17,1044.60693158539
5,852.49448924771,rpf,17,1044.60693158539
6,1042.5152938928,rpf,17,1044.60693158539
7,966.179370798881,rpf,17,1044.60693158539
8,960.895685229122,rpf,17,1044.60693158539
9,1022.69346478537,rpf,17,1044.60693158539
10,1018.84886983683,rpf,17,1044.60693158539
11,1156.11884387196,rpf,17,1044.60693158539
12,1091.53807073047,rpf,17,1044.60693158539
13,914.588763090005,rpf,17,1044.60693158539
14,1115.21055397541,rpf,17,1044.60693158539
15,771.476128182102,rpf,17,1044.60693158539
16,1044.2867812455,rpf,17,1044.60693158539
17,1090.65887023245,rpf,17,1044.60693158539
18,906.609155803249,rpf,17,1044.60693158539
19,1121.31744800264,rpf,17,1044.60693158539
20,920.041060481953,rpf,17,1044.60693158539
21,943.945343527502,rpf,17,1044.60693158539
22,897.223511682773,rpf,17,1044.60693158539
23,1087.83552751177,rpf,17,1044.60693158539
24,940.189153446773,rpf,17,1044.60693158539
25,1216.0836943064,rpf,17,1044.60693158539
26,1003.60217368156,rpf,17,1044.60693158539
27,1111.80224157987,rpf,17,1044.60693158539
28,1061.70750027741,rpf,17,1044.60693158539
29,910.961287589132,rpf,17,1044.60693158539
30,963.737694145487,rpf,17,1044.60693158539
31,930.627321756621,rpf,17,1044.60693158539
32,1030.17842245245,rpf,17,1044.60693158539
33,999.562167221933,rpf,17,1044.60693158539
34,1009.48077707589,rpf,17,1044.60693158539
35,1064.58320668107,rpf,17,1044.60693158539
36,1073.85767575416,rpf,17,1044.60693158539
37,861.576810911742,rpf,17,1044.60693158539
38,1094.57931784415,rpf,17,1044.60693158539
39,1081.97726777767,rpf,17,1044.60693158539
40,881.146262206666,rpf,17,1044.60693158539
41,1120.67578508159,rpf,17,1044.60693158539
42,951.529136190883,rpf,17,1044.60693158539
43,1026.53865751439,rpf,17,1044.60693158539
44,1095.4605085219,rpf,17,1044.60693158539
45,896.752055277695,rpf,17,1044.60693158539
46,1193.4381842468,rpf,17,1044.60693158539
47,973.564119628352,rpf,17,1044.60693158539
48,986.13507771921,rpf,17,1044.60693158539
49,928.674455631652,rpf,17,1044.60693158539
50,970.880712296326,rpf,17,1044.60693158539
1,954.124307221933,rpf,18,1044.7412428349
2,1277.78235150112,rpf,18,1044.7412428349
3,1032.60926644015,rpf,18,1044.7412428349
4,919.220433531747,rpf,18,1044.7412428349
5,845.029754916414,rpf,18,1044.7412428349
6,1036.50055397851,rpf,18,1044.7412428349
7,969.30975264958,rpf,18,1044.7412428349
8,952.899756430485,rpf,18,1044.7412428349
9,1011.10880054837,rpf,18,1044.7412428349
10,1019.32188785126,rpf,18,1044.7412428349
11,1158.49518284407,rpf,18,1044.7412428349
12,1084.85458638602,rpf,18,1044.7412428349
13,899.43596269748,rpf,18,1044.7412428349
14,1097.85226877699,rpf,18,1044.7412428349
15,781.651033420869,rpf,18,1044.7412428349
16,1039.06832479881,rpf,18,1044.7412428349
17,1086.96107515236,rpf,18,1044.7412428349
18,896.006760095096,rpf,18,1044.7412428349
19,1113.27356397078,rpf,18,1044.7412428349
20,936.378623539547,rpf,18,1044.7412428349
21,947.337621458459,rpf,18,1044.7412428349
22,912.62834607991,rpf,18,1044.7412428349
23,1077.30251269803,rpf,18,1044.7412428349
24,942.561404075555,rpf,18,1044.7412428349
25,1243.71131090354,rpf,18,1044.7412428349
26,1017.25611202248,rpf,18,1044.7412428349
27,1116.5231270843,rpf,18,1044.7412428349
28,1059.04811036689,rpf,18,1044.7412428349
29,907.434800166199,rpf,18,1044.7412428349
30,957.226326090754,rpf,18,1044.7412428349
31,931.759002253323,rpf,18,1044.7412428349
32,1007.84097414225,rpf,18,1044.7412428349
33,1012.87129712497,rpf,18,1044.7412428349
34,1007.93299938843,rpf,18,1044.7412428349
35,1053.70879440226,rpf,18,1044.7412428349
36,1075.8015991758,rpf,18,1044.7412428349
37,851.145028917931,rpf,18,1044.7412428349
38,1090.9611914758,rpf,18,1044.7412428349
39,1084.33676748105,rpf,18,1044.7412428349
40,880.6556389105,rpf,18,1044.7412428349
41,1107.73198216671,rpf,18,1044.7412428349
42,953.08161521728,rpf,18,1044.7412428349
43,1018.65009124765,rpf,18,1044.7412428349
44,1098.03510491054,rpf,18,1044.7412428349
45,896.018269372434,rpf,18,1044.7412428349
46,1184.51132638104,rpf,18,1044.7412428349
47,973.265955824643,rpf,18,1044.7412428349
48,985.039520454716,rpf,18,1044.7412428349
49,940.796203786083,rpf,18,1044.7412428349
50,972.627641279818,rpf,18,1044.7412428349
1,940.513251193014,rpf,19,1044.82550062956
2,1265.5916846908,rpf,19,1044.82550062956
3,1029.76507555437,rpf,19,1044.82550062956
4,917.924858547095,rpf,19,1044.82550062956
5,850.338681209156,rpf,19,1044.82550062956
6,1025.43456029942,rpf,19,1044.82550062956
7,966.632451451297,rpf,19,1044.82550062956
8,958.799462286808,rpf,19,1044.82550062956
9,1019.6125234638,rpf,19,1044.82550062956
10,1018.51149183303,rpf,19,1044.82550062956
11,1163.68710169744,rpf,19,1044.82550062956
12,1063.1334531039,rpf,19,1044.82550062956
13,899.699607000535,rpf,19,1044.82550062956
14,1116.80222094351,rpf,19,1044.82550062956
15,784.933216001039,rpf,19,1044.82550062956
16,1050.73682019829,rpf,19,1044.82550062956
17,1082.18731037666,rpf,19,1044.82550062956
18,890.641507803774,rpf,19,1044.82550062956
19,1104.32991718398,rpf,19,1044.82550062956
20,932.880428802708,rpf,19,1044.82550062956
21,939.963082417637,rpf,19,1044.82550062956
22,902.912203862665,rpf,19,1044.82550062956
23,1073.1258938872,rpf,19,1044.82550062956
24,943.471947008248,rpf,19,1044.82550062956
25,1242.58138635392,rpf,19,1044.82550062956
26,999.641296229602,rpf,19,1044.82550062956
27,1114.70903035479,rpf,19,1044.82550062956
28,1056.24081872512,rpf,19,1044.82550062956
29,906.140088614793,rpf,19,1044.82550062956
30,947.038451786728,rpf,19,1044.82550062956
31,931.090840915743,rpf,19,1044.82550062956
32,1030.62136513806,rpf,19,1044.82550062956
33,1003.76570072112,rpf,19,1044.82550062956
34,1018.06465865828,rpf,19,1044.82550062956
35,1056.5910461899,rpf,19,1044.82550062956
36,1068.13793283494,rpf,19,1044.82550062956
37,860.61064461291,rpf,19,1044.82550062956
38,1091.37777809454,rpf,19,1044.82550062956
39,1082.46115159118,rpf,19,1044.82550062956
40,880.36700190102,rpf,19,1044.82550062956
41,1113.51239231226,rpf,19,1044.82550062956
42,946.902234787389,rpf,19,1044.82550062956
43,1025.35112390595,rpf,19,1044.82550062956
44,1097.88286522417,rpf,19,1044.82550062956
45,885.163157951261,rpf,19,1044.82550062956
46,1182.95001000672,rpf,19,1044.82550062956
47,961.952703974756,rpf,19,1044.82550062956
48,983.696641012996,rpf,19,1044.82550062956
49,927.890507271206,rpf,19,1044.82550062956
50,959.439937314618,rpf,19,1044.82550062956
1,937.912128432304,rpf,20,1044.84154236222
2,1280.19112702621,rpf,20,1044.84154236222
3,1035.05522240176,rpf,20,1044.84154236222
4,925.091947507985,rpf,20,1044.84154236222
5,856.846450758777,rpf,20,1044.84154236222
6,1026.56428420524,rpf,20,1044.84154236222
7,979.849373180002,rpf,20,1044.84154236222
8,983.940290361706,rpf,20,1044.84154236222
9,1027.80784084968,rpf,20,1044.84154236222
10,1024.21796074981,rpf,20,1044.84154236222
11,1162.32161205525,rpf,20,1044.84154236222
12,1082.24659624485,rpf,20,1044.84154236222
13,905.428173683011,rpf,20,1044.84154236222
14,1107.54964454277,rpf,20,1044.84154236222
15,783.695778637764,rpf,20,1044.84154236222
16,1055.14537100742,rpf,20,1044.84154236222
17,1089.99674309263,rpf,20,1044.84154236222
18,904.590781436941,rpf,20,1044.84154236222
19,1099.27073545939,rpf,20,1044.84154236222
20,936.558907163223,rpf,20,1044.84154236222
21,943.606032692141,rpf,20,1044.84154236222
22,910.040315391479,rpf,20,1044.84154236222
23,1075.85147662074,rpf,20,1044.84154236222
24,944.782015931239,rpf,20,1044.84154236222
25,1235.13912015438,rpf,20,1044.84154236222
26,1019.88065424321,rpf,20,1044.84154236222
27,1108.14122314612,rpf,20,1044.84154236222
28,1068.6406222739,rpf,20,1044.84154236222
29,902.977682306563,rpf,20,1044.84154236222
30,961.95779241374,rpf,20,1044.84154236222
31,946.069659446605,rpf,20,1044.84154236222
32,1019.17399986679,rpf,20,1044.84154236222
33,1002.91315930637,rpf,20,1044.84154236222
34,1000.976026125,rpf,20,1044.84154236222
35,1078.16499662901,rpf,20,1044.84154236222
36,1074.91725825617,rpf,20,1044.84154236222
37,869.448961935463,rpf,20,1044.84154236222
38,1078.49991177768,rpf,20,1044.84154236222
39,1078.90638882175,rpf,20,1044.84154236222
40,880.403665721462,rpf,20,1044.84154236222
41,1109.17319381041,rpf,20,1044.84154236222
42,949.947967268612,rpf,20,1044.84154236222
43,1018.7215075014,rpf,20,1044.84154236222
44,1106.07671694234,rpf,20,1044.84154236222
45,890.845335170257,rpf,20,1044.84154236222
46,1194.3460656315,rpf,20,1044.84154236222
47,980.248142397123,rpf,20,1044.84154236222
48,993.65377443977,rpf,20,1044.84154236222
49,930.183491353232,rpf,20,1044.84154236222
50,960.511161808476,rpf,20,1044.84154236222
